Word,Frequency
the,1463
a,693
and,675
to,667
-,613
of,562
I,525
is,488
in,430
you,369
MOZART,348
The,338
SALIERI,312
his,293
He,284
at,241
with,223
Mozart,206
on,205
it,194
he,177
for,155
INT.,147
my,144
from,143
CONSTANZE,143
Salieri,141
are,135
not,122
him,122
me,119
that,119
be,119
as,117
I'm,112
OLD,111
we,110
A,110
all,107
her,106
1780'S,105
by,103
this,99
see,98
JOSEPH,95
music,92
have,92
was,91
We,91
You,90
do,89
up,85
What,85
And,84
one,83
an,83
NIGHT,80
your,77
it.,77
him.,72
She,71
but,71
little,70
It,70
into,69
like,65
CUT,65
DAY,65
TO:,63
very,61
don't,61
who,61
has,61
out,60
know,59
SCHIKANEDER,59
Constanze,59
will,58
Herr,58
they,57
It's,55
just,53
back,52
down,52
you.,51
me.,51
she,51
They,50
think,49
ROOM,49
hear,49
LEOPOLD,48
This,48
Your,48
looks,48
But,47
SCHLUMBERG,47
"Well,",47
can,47
"Oh,",45
Do,45
them,45
Mozart.,45
if,44
SALIERI'S,44
what,44
man,43
about,43
How,42
Schikaneder,42
stares,42
no,42
which,42
only,41
door,41
Then,41
(to,41
some,40
could,40
door.,40
VON,40
would,40
there,39
sits,39
you?,38
ORSINI-ROSENBERG,38
turns,38
1790'S,38
All,38
so,38
want,37
now,37
His,37
it?,37
through,37
around,37
stands,36
APARTMENT,35
more,35
"No,",35
their,35
me!,35
takes,34
VOGLER,34
CAVALIERI,33
My,33
room.,33
"Mozart,",32
it's,32
go,32
THE,31
VIENNA,31
"him,",30
can't,30
then,30
off,30
look,30
over,30
them.,30
HOUSE,30
LORL,30
MOZART'S,30
give,29
"you,",29
As,29
going,29
I've,29
Why,29
really,28
tell,28
come,28
There,28
I'll,28
old,28
In,28
had,28
other,28
(V.O.),27
good,27
Leopold,27
looking,27
first,27
EXT.,27
"Yes,",27
room,27
opens,26
"CU,",26
here.,26
when,26
young,26
"me,",25
sir.,25
goes,25
own,25
Emperor,25
two,25
still,25
Is,25
never,25
"it,",24
hand.,24
does,24
or,24
"Salieri,",23
stage,23
Oh,23
too,23
three,23
Majesty.,23
Now,23
work,23
Just,23
comes,23
didn't,22
people,22
Salieri.,22
did,22
On,22
am,22
how,22
got,22
that's,22
been,22
Von,22
Who,22
suddenly,22
much,22
That's,21
HOSPITAL,21
STRACK,21
He's,21
again.,21
most,20
playing,20
COMMENDATORE,20
wearing,20
end,20
Mozart's,20
another,20
At,20
here,20
SALON,20
love,20
plays,20
Don,20
her.,20
(singing),20
scene,20
staring,20
same,19
won't,19
OPERA,19
Come,19
Suddenly,19
that.,19
music.,19
"Majesty,",19
let,19
PALACE,19
hand,19
starts,19
Yes.,19
get,19
that?,18
mean,18
1823,18
So,18
play,18
You're,18
BEDROOM,18
sitting,18
such,18
small,18
now.,18
being,18
need,17
where,17
our,17
leaves,17
Of,17
should,17
take,17
must,17
than,17
any,17
many,17
last,17
God,17
Tell,16
Mozart!,16
That,16
(singing,16
IN,16
What?,16
make,16
its,16
under,16
FRAU,16
appears,16
"room,",16
after,16
right,16
know.,16
you!,15
back.,15
servant,15
second,15
time,15
stops,15
OF,15
us,15
quite,15
Old,15
SWIETEN,15
puts,15
voice,15
wife,15
Not,15
An,15
WEBER,15
Joseph,15
AFTERNOON,15
Why?,15
LADY,15
before,15
without,15
hands,15
Vienna.,14
Don't,14
opening,14
father,14
great,14
man.,14
head.,14
Madame,14
help,14
whole,14
actually,14
opera,14
(speaking),14
each,14
were,14
open,14
heard,14
it!,14
this?,14
MADAME,14
soprano,14
say,14
Please.,14
girl,13
Mass,13
up.,13
he's,13
If,13
audience,13
nothing,13
long,13
in.,13
sings,13
put,13
next,13
LIVING,13
Stop,13
Thank,13
Did,13
Giovanni,13
is.,13
wig,13
COLLOREDO,13
Salieri's,13
She's,13
dressed,13
saw,13
Court,13
sees,13
played,12
lies,12
Orsini-Rosenberg,12
not?,12
eyes,12
singing,12
away,12
even,12
Vienna,12
Go,12
Emperor.,12
dark,12
course,12
bows,12
stay,12
holding,12
group,12
Give,12
"no,",12
Are,12
Would,12
march,12
crowd,12
full,12
bed.,12
One,12
keep,12
every,12
moves,12
"yes,",12
"Ah,",12
across,12
best,12
few,12
speak,12
way,12
floor.,12
"again,",11
"man,",11
beside,11
table.,11
son,11
moment,11
something,11
face,11
composer,11
anything,11
pause.,11
dear,11
To,11
onto,11
doesn't,11
standing,11
wine,11
again,11
Here,11
me?,11
behind,11
all.,11
"up,",11
CORRIDOR,11
stage.,11
on.,11
waiting,11
try,11
I'd,11
What's,11
also,11
manuscript,11
Papa!,10
notes,10
Let,10
this.,10
front,10
VALET,10
men,10
start,10
please.,10
smiles,10
Really?,10
please!,10
"on,",10
head,10
figure,10
Show,10
Be,10
Please!,10
rather,10
money.,10
Archbishop,10
tremendous,10
said,10
royal,10
sound,10
PAPAGENO,10
set,10
Good,10
sure,10
thank,10
BACK,10
out.,10
made,10
watches,10
trying,10
Requiem,10
life.,10
dancing,10
forte-piano,10
seen,10
arms,10
beat,10
show,10
talk,10
obviously,10
opera.,10
time.,10
falls,10
boy,10
STREET,10
toward,10
down.,10
off.,10
bursts,10
you'll,9
Father,9
yes.,9
Constanze's,9
middle,9
"Constanze,",9
Forgive,9
fades,9
box,9
bed,9
gets,9
large,9
white,9
father's,9
better,9
picks,9
alone,9
makes,9
runs,9
With,9
table,9
not.,9
Excuse,9
night.,9
knew,9
German,9
Some,9
ever,9
thing,9
leave,9
write,9
Well,9
mask,9
above,9
no.,9
musicians,9
Italian,9
years,9
Ah-ha.,9
simply,9
him?,9
continues,9
went,9
dance,9
name,9
might,9
Bonno,9
watching,9
gives,9
shall,9
tries,9
Wolfgang,9
pages,9
Well.,9
cut,9
hat,9
Salzburg.,9
told,9
No,9
see.,9
May,9
chord,8
working,8
himself.,8
anyone,8
do.,8
"that,",8
When,8
alone.,8
closes,8
piece,8
For,8
Cavalieri,8
Lorl,8
Can,8
girl.,8
offer,8
Weber,8
course.,8
Wolfi!,8
measure,8
Another,8
kisses,8
"here,",8
"sir,",8
clearly,8
talking,8
rises,8
Valet,8
Mozart?,8
ask,8
knocking,8
They're,8
teach,8
FIRST,8
People,8
bass,8
turn,8
huge,8
Arco,8
audience.,8
word,8
throws,8
begins,8
shuts,8
Figaro.,8
these,8
Perhaps,8
applause.,8
Christ,8
away.,8
LATE,8
doing,8
making,8
BONNO,8
Mozart),8
why,8
Majesty,8
carriage,8
writing,8
"Sire,",8
both,8
follow,8
No!,8
house,8
cannot,8
matter,8
servants,7
you're,7
house.,7
"now,",7
THEATRE,7
"this,",7
sit,7
SCHIKANEDER'S,7
already,7
money,7
reaches,7
wind,7
Yes?,7
enters,7
SERVANT,7
pay,7
brought,7
"son,",7
happy,7
bag,7
no!,7
marry,7
horse,7
Figaro,7
Because,7
conducting,7
Yes!,7
coming,7
side,7
tune,7
"well,",7
singers,7
candles,7
Music,7
Where,7
ARCO,7
husband,7
thought,7
immediately,7
Count,7
followed,7
GRAND,7
line,7
freed,7
"costume,",7
I?,7
so.,7
honour,7
yes!,7
one.,7
believe,7
After,7
PRIEST,7
six,7
bottle,7
until,7
"music,",7
stop,7
are.,7
"table,",7
left,7
musical,7
himself,7
dead.,7
far,7
begins.,7
idea.,7
"Strack,",7
fast,7
day,7
giggles,7
Composer.,7
Leporello,7
Signore.,7
always,7
Stanzi!,7
breaks,7
poor,7
lying,7
Through,7
real,7
actress,6
pulls,6
those,6
Let's,6
swear,6
WOMAN,6
rest,6
becomes,6
face.,6
Papa.,6
UGLY,6
brilliant,6
delighted.,6
almost,6
place,6
forever,6
giggle.,6
perfect,6
"course,",6
"Look,",6
finger,6
Welcome,6
reveal,6
guests,6
opens.,6
private,6
carrying,6
Oh!,6
knock,6
DAWN,6
dog,6
"Swieten,",6
Instantly,6
King,6
theatre,6
kill,6
beyond,6
bedroom,6
black,6
say?,6
German.,6
woman,6
OFFICER,6
child,6
"morning,",6
you've,6
Father.,6
may,6
"wig,",6
Immediately,6
everything,6
upon,6
Constanze.,6
Majesty!,6
part,6
against,6
pile,6
chair,6
seated,6
matter?,6
herself,6
straight,6
"say,",6
yet,6
here?,6
please,6
"Wolfi,",6
wish,6
Vogler,6
work.,6
Behold!,6
us.,6
asked,6
kind,6
what?,6
Please,6
Isn't,6
remember,6
understand,6
world,6
done,6
eyes.,6
Madame.,6
couples,6
D,6
"right,",6
wall,6
taking,6
No.,6
because,6
"chair,",6
Magic,6
Wolfi.,6
someone,6
Leopold's,6
portfolio,6
camera,6
Minor,6
wait,6
bearing,6
"horse,",6
"one,",6
ma'am.,6
stops.,6
outside,6
OUTSIDE,6
floor,6
STAGE,6
quickly,6
street,6
Shut,6
costume,6
AN,6
Where?,6
louder.,6
pretty,6
isn't,5
"same,",5
stairs.,5
care,5
applause,5
"night,",5
From,5
half,5
writes,5
live,5
"Cavalieri,",5
day.,5
"Papa,",5
did.,5
wear,5
wish.,5
least,5
curtains,5
well,5
salon.,5
window,5
girls,5
movement,5
people.,5
Or,5
listen,5
sounds,5
Signore!,5
backwards.,5
score,5
afraid,5
mouth,5
menacing,5
wears,5
says,5
"Please,",5
stand,5
grey,5
silly,5
famous,5
swells,5
measures,5
lady,5
several,5
bow.,5
one?,5
These,5
Concerto,5
amidst,5
become,5
empty,5
We'll,5
cakes,5
"mean,",5
waiting.,5
"measure,",5
Commendatore,5
Schlumberg,5
watched,5
sugared,5
"Lorl,",5
she's,5
growing,5
"them,",5
calls,5
wildly.,5
C,5
"drunk,",5
forward,5
actresses,5
tasty,5
anxious,5
bedroom.,5
Second,5
box.,5
exactly,5
unable,5
eat,5
mine.,5
Before,5
laughter.,5
beg,5
"there,",5
heard.,5
asleep,5
grand,5
right.,5
candlestick,5
ghost,5
pushes,5
Exactly.,5
portrait,5
aria,5
slow,5
water,5
liked,5
Everybody,5
"desk,",5
Hey!,5
you'd,5
mean?,5
gesture,5
clothes,5
ensemble,5
Frau,5
Weber.,5
approaches,5
"Then,",5
THREE,5
kiss,5
name!,5
manuscript.,5
Papageno's,5
following,5
"Orsini-Rosenberg,",5
forte-piano.,5
snatches,5
Act,5
lays,5
holds,5
raises,5
stupid,5
want?,5
Was,5
appear,5
THIRD,5
near,5
Pause.,5
SECOND,5
company,5
Kill,5
"away,",5
that!,5
"box,",5
act,5
well.,5
watch,5
Also,5
"down,",5
God's,5
soon,5
Em,5
"suddenly,",5
We're,5
Honour,5
scale,5
mine,5
page,5
moment.,5
highly,5
smiling,5
billiard,5
"back,",5
faces,5
coins,5
noise,5
stop.,5
"know,",5
seats,5
else,5
saying,5
aren't,5
pot.,5
Turkish,5
met,5
sets,5
rising,5
"forte-piano,",5
rides,5
use,5
"bed,",5
parody,5
amongst,5
sing,5
nods,5
reading,5
Take,5
chord.,5
Majesty?,5
playing.,5
bassoon,5
trombone,5
God.,5
now!,5
singing),5
high,5
five,5
"gentlemen,",5
Excellency.,5
"Grazie,",4
Wolfi?,4
Right,4
here!,4
"said,",4
Overture,4
sounds.,4
Tutti,4
night,4
Never,4
mother,4
Amen!,4
needs,4
more.,4
"march,",4
sat,4
good.,4
extends,4
chords,4
giggles.,4
pleased,4
"Chamberlain,",4
Behind,4
important,4
Imperial,4
remain,4
enters.,4
a-cri-bus,4
frightened,4
cries,4
they're,4
greatest,4
"Good,",4
"all,",4
son.,4
"her,",4
salon,4
etc.,4
wouldn't,4
BUFFET,4
along,4
marches,4
glares,4
said.,4
dwarves,4
STUDY,4
"audience,",4
horse's,4
tray,4
together,4
bow,4
Which,4
piece.,4
crosses,4
dressing,4
"before,",4
too.,4
cloth,4
Too,4
Salieri!,4
Ich,4
morning.,4
shop,4
true,4
total,4
choose,4
SOPRANO,4
sick,4
Ba-ba!,4
ballet,4
further,4
enter,4
Snow,4
servant.,4
Der,4
vocal,4
Director,4
"is,",4
Mochte,4
plates,4
Kaiser,4
coat,4
lyrical,4
cloak,4
horse.,4
wooden,4
orchestra,4
Archbishop's,4
stare,4
Sopranos,4
howls,4
thou,4
"hand,",4
other.,4
maid,4
"see,",4
wig.,4
Ottavio,4
following:,4
tears.,4
break,4
among,4
sleep,4
comes.,4
Fraulein,4
complete,4
street.,4
what's,4
inside,4
written,4
drops,4
Princess,4
steps,4
Down,4
filled,4
proper,4
wants,4
times.,4
fantastic,4
hundred,4
see?,4
Lorl),4
disappears,4
"standing,",4
throng,4
"Composer,",4
horse),4
Karl,4
Flute.,4
"so,",4
MORNING,4
pale,4
smile,4
pupils,4
lifts,4
cross.,4
"himself,",4
walk,4
"backwards,",4
MUSIC,4
stupid.,4
hard.,4
light,4
harpsichord,4
gilded,4
fact,4
understand.,4
"notes,",4
four,4
conducting.,4
big,4
porter,4
Marriage,4
gold,4
"Weber,",4
note,4
Seraglio.,4
dish.,4
Up,4
promise,4
Bonno.,4
"opera,",4
third,4
water.,4
Wolfi,4
yours.,4
bars,4
addresses,4
touches,4
absolutely,4
was.,4
attempts,4
Salieri),4
wanted,4
way.,4
hastily,4
"ahead,",4
distress.,4
nearby,4
sick.,4
twenty,4
world.,4
lost,4
pupil,4
true?,4
curtsey.,4
lit,4
wicked,4
First,4
for?,4
"play,",4
music?,4
death!,4
speaks,4
filling,4
fall,4
post,4
"cloak,",4
tune.,4
living,4
couldn't,4
regal,4
iram!,4
"Emperor,",4
"sorry,",4
More,4
children,4
Say,4
new,4
attempt,4
walks,4
Only,4
call,4
orchestral,4
keyboard.,4
Even,4
fugue,4
Il,4
"Madame,",4
music!,4
father.,4
painted,4
totally,4
fourth,4
Any,4
Leave,4
held,4
answer,4
now?,4
finally,4
happened?,4
crowded,4
commission,4
slowly,4
arms.,4
wagon,4
bad,4
Both,4
gave,4
long.,4
tenor,4
Sire!,4
Archbishop.,4
piled,4
chair.,4
AND,4
God!,4
fire,4
excuse,4
funny,4
"willing,",4
final,4
"actresses,",4
Whoa!,4
go.,4
accompanied,4
Among,4
indicates,4
fish,4
Schikaneder),4
Three,4
we'll,4
Papageno,4
swells.,4
between,4
shit!,4
finish,4
"go,",4
Finally,4
changes,4
took,4
chairs.,4
throat,4
Him.,4
immediately.,4
Sire.,4
Director.,4
right?,4
kneeling,4
penalty.,4
Stanzi?,4
Oh?,4
"in,",4
wonderful,4
heaven,4
crying,4
dish,4
"us,",4
found,4
angry,3
K.,3
Grace,3
apartment.,3
pit,3
up!,3
offers,3
cook,3
obvious,3
troupe.,3
embrace.,3
alone!,3
OTTAVIO,3
Stanzi,3
air,3
mess,3
glockenspiel,3
wine!,3
since,3
come.,3
wait.,3
panic.,3
assure,3
ladies,3
birdie,3
strikes,3
"Finally,",3
proud,3
Serenade,3
send,3
careful!,3
(running,3
beginning,3
Viennese,3
married,3
art,3
instrument.,3
applauding,3
wedding,3
strides,3
dovey,3
devil,3
"hat,",3
Colloredo,3
(K.,3
together),3
ALL,3
husband.,3
ANDANTE,3
lovey,3
man?,3
whose,3
wonderful.,3
sweetheart,3
dare,3
mouth.,3
sound.,3
LADIES,3
dear.,3
"billing,",3
wings.,3
dwarf,3
signs,3
service,3
towards,3
bowing,3
"darling,",3
ALLEGRO,3
say.,3
Does,3
hands.,3
slips,3
bottles,3
deeply,3
steals,3
word.,3
worn,3
flown!,3
horrified.,3
finished.,3
pass,3
fades.,3
finished,3
realize,3
manuscripts.,3
"Karl,",3
"scene,",3
cast,3
things,3
neck.,3
actor,3
especially,3
passes,3
charming.,3
friends,3
actors,3
Quiet!,3
Name,3
laugh,3
Her,3
child's,3
result,3
helps,3
aware,3
daughters,3
hurries,3
stays,3
"way,",3
recommend,3
contemplates,3
pupils.,3
barking,3
used,3
Non,3
short,3
story.,3
back!,3
better.,3
feeling,3
EMMANUEL,3
in!,3
Half,3
joy.,3
GERTRUDE,3
excited.,3
girls.,3
composed,3
fine.,3
yourself.,3
talent.,3
per,3
pleasure.,3
Young,3
others,3
Italian?,3
laugh.,3
Sssh!,3
we?,3
German!,3
dogs,3
leads,3
haven't,3
astonished.,3
DUSK,3
Call,3
Martern,3
week,3
voices.,3
Seraglio,3
exceedingly,3
Pasha,3
performance,3
FLUNKY,3
sorry.,3
candles.,3
Put,3
Since,3
Death,3
pain,3
excited,3
stood,3
tender,3
smiles.,3
yawn,3
to:,3
pours,3
bitter,3
glass,3
Vogler),3
Mass.,3
absurd,3
secret.,3
amazing,3
daughters.,3
"stage,",3
"Excellency,",3
defeat,3
him),3
Ah.,3
evening.,3
anymore.,3
Director?,3
"dear,",3
hardly,3
gentle,3
Truly.,3
Oh.,3
Orsini-,3
perhaps,3
introduce,3
seems,3
"scale,",3
indeed.,3
"new,",3
stranger,3
Strack,3
Papagena,3
phrase,3
before.,3
greet,3
"niece,",3
possible.,3
raised,3
Very,3
gone,3
I.,3
"going,",3
"day,",3
Opera,3
"singing,",3
interesting,3
yes,3
Majesty's,3
meet,3
lively,3
keyboard,3
Can't,3
friend,3
hair,3
letter,3
hay.,3
Ah!,3
wife.,3
Giovanni.,3
notes.,3
string,3
joins,3
Laughter.,3
enough,3
hearing,3
mad!,3
"God,",3
feel,3
why?,3
eating,3
military,3
strange,3
tonic,3
"dominant,",3
recitativo,3
respect,3
silence.,3
signals,3
nice,3
best.,3
wishes,3
tray.,3
(bowing),3
stew!,3
Figaro's,3
will.,3
today?,3
entire,3
violent,3
began,3
marching,3
hatred,3
finishes,3
courtiers,3
rain,3
"Bravo,",3
"rises,",3
scene.,3
Karl's,3
all!,3
You!,3
wine.,3
harm,3
earth,3
He'd,3
death.,3
up),3
"Man,",3
giving,3
theatre.,3
sister,3
helped,3
wrong,3
fun.,3
play.,3
Cross.,3
shown,3
march.,3
daughter,3
tears,3
including,3
SHOP,3
extravagant,3
candle,3
mirror.,3
"selfish,",3
ROYAL,3
Go!,3
serve,3
Swieten,3
fly,3
out!,3
Good.,3
trick,3
honour.,3
produces,3
charming,3
"Now,",3
Quite,3
with!,3
sir!,3
"out,",3
hears,3
emerges,3
DINING,3
Well?,3
Five,3
shut,3
flames,3
giggling,3
song,3
catches,3
can.,3
thinks,3
open.,3
boy.,3
sein,3
paying,3
(taking,3
Grace.,3
wrote,3
we're,3
aid,3
"black,",3
"soundtrack,",3
"beginning,",3
idea,3
shakes,3
mythological,3
Two,3
enthusiasm.,3
"Schikaneder,",3
close,3
things.,3
elaborate,3
hour,3
killed,3
deepest,3
Could,3
marvelous?,3
ORNAMENTAL,3
death,3
mind.,3
manner,3
protect,3
fifteen,3
Wohl,3
prayed,3
ten,3
Cook,3
confess!,3
knees.,3
hair.,3
about.,3
Majordomo,3
GARDEN,3
various,3
celebrated,3
is?,3
hums,3
astonished,3
calling,3
loves,3
"floor,",3
"old,",3
spend,3
return,3
bear,3
vow,3
ridiculous.,3
everything.,3
am?,3
bring,3
drag,3
everyone,3
background.,3
laughter,3
carried,3
costumes.,3
early,3
work?,3
there's,3
orchestra.,3
fifty,3
contains,3
words,3
chairs,3
save,3
guests.,3
clothes.,3
tall,3
DOCTOR,3
musician,3
patients,3
builds,3
"work,",3
somewhat,3
"But,",3
"priest,",3
walking,3
Inside,3
Lacrimosa,3
hours,3
Doctor,3
Gulden,3
came,3
"musicians,",3
costumes,3
"once,",3
mask.,3
talent,3
flies,3
be?,3
times,3
respectfully.,3
pushed,3
smile.,3
run,3
follows,3
Grand,3
sight,3
Saremo,3
Standing,3
life,3
later,3
WORKROOM,3
"salon,",3
to.,3
Medal,3
arranged,3
Civilian,3
Confutatis,3
age,3
laughing,3
glimpse,3
tables,3
priest,3
"Vienna,",3
city,3
taken,3
good!,3
General,3
do!,3
"house,",3
Italian.,3
"Leopold,",3
listening,3
Voca,3
game,3
grabs,3
there.,3
lantern,3
snuff,3
evidently,3
presents,3
banned,3
bare,3
whilst,3
CHURCH,3
all?,3
cross,3
COUNTRY,3
man's,3
Italy,3
roll,3
Chamberlain,3
below,3
By,3
idiot,3
wide,3
anyway.,3
"father,",3
landing.,3
admit,3
hesitates.,3
Dinner,3
weird,3
biscuits.,3
assassin!,3
accompaniment.,3
Piano,3
hear.,3
lie,3
removes,3
Leopold.,3
mad.,3
French,3
sorry!,3
serious.,3
occasionally,3
point,3
dead,3
knocks,3
climb,3
"game,",3
"door,",3
We've,3
furiously,3
fiend.,3
Silence.,3
person,3
home.,3
eat.,3
bystanders,3
ostinato.,3
ostinato,3
gently,3
touch,2
taught,2
WINTER,2
lid,2
pen,2
(he,2
today.,2
corridor.,2
whether,2
Salieri?,2
Someone,2
olivewood,2
triumph,2
deserved,2
dead?,2
expertly.,2
Sire?,2
drink.,2
keys,2
known,2
TO,2
congratulations,2
Chain,2
excellent,2
EMPEROR,2
wife?,2
ends,2
feather.,2
Beside,2
hundred?,2
within,2
enters:,2
tried,2
About,2
GUESTS,2
frightened.,2
"Mother,",2
Bene.,2
"others,",2
ignore,2
Really,2
except,2
fellow.,2
dear!,2
Vogler.,2
pride.,2
gather,2
ducats.,2
DRESSING,2
passengers.,2
situation.,2
CAVALIERI'S,2
Cavalieri.,2
"very,",2
accept?,2
else.,2
linen,2
"forty,",2
"mind,",2
embarrassment.,2
humbly.,2
corridor,2
bang,2
add,2
phrase.,2
imagine.,2
Wouldn't,2
harder,2
CUT:,2
GULDEN,2
"alone,",2
masked,2
--,2
"Vogler,",2
honour!,2
"and,",2
giggling.,2
Masonic,2
amused,2
curtsies.,2
hall,2
news.,2
"phrase,",2
sheets,2
receive,2
entirely,2
Axur:,2
perfect.,2
fixed,2
Chaplain,2
"introduction,",2
distinguished,2
visited,2
increasing,2
"dogs,",2
do?,2
one's,2
financial,2
name.,2
ROAD,2
practically,2
MICHAEL,2
plumed,2
able,2
opposite,2
"chairs,",2
written.,2
"merchant,",2
"candles,",2
body,2
prone,2
pages.,2
instead.,2
daughter.,2
brings,2
Over,2
Ormus.,2
window.,2
dreadful,2
"Father,",2
"fades,",2
Nachtmusik.,2
singer,2
ITALY,2
concern,2
none,2
moments,2
taste.,2
hire,2
Amadeus,2
compel,2
Bind,2
woe.,2
SMALL,2
reply.,2
singing.,2
rapturous,2
Money!,2
accuse,2
Kleine,2
30,2
means.,2
distracted,2
enormous,2
maid.,2
"blindfolded,",2
minutes,2
like?,2
Looks,2
"theatre,",2
successful.,2
operas,2
thing?,2
twelve,2
Eine,2
"determined,",2
daughter?,2
working?,2
eight,2
Arten,2
most.,2
scorn,2
eagerly,2
scribbling.,2
mood,2
"manner,",2
extreme,2
drink?,2
"face,",2
Applause.,2
joking.,2
Twenty,2
DISSOLVE,2
underneath,2
full.,2
tired,2
yourself,2
miracle.,2
aller,2
promise.,2
killing.,2
insistently.,2
exercises,2
spectacle,2
enraptured,2
Should,2
whom,2
"girls,",2
strings,2
hits,2
"confess,",2
spite,2
descending,2
stomach.,2
Europe,2
"come,",2
trained,2
little.,2
funeral,2
youth.,2
mediocrity.,2
coffin,2
commissioned,2
Bravo!',2
achieve,2
divine,2
applaud,2
"palace,",2
amazed.,2
fall.,2
first.,2
forced,2
surround,2
soul.,2
coda,2
Sommer?,2
impossible!,2
approach.,2
pain.,2
dance.,2
Maestro.,2
tells,2
once!,2
much.,2
they?,2
Offer,2
public,2
deep,2
forgiveness.,2
seek,2
aria.,2
know?,2
brow,2
noble,2
Pope,2
"Here,",2
laughing.,2
"Actually,",2
broke.,2
Like,2
regret,2
saint.,2
restored,2
bright,2
fever.,2
melody,2
why.,2
"friend,",2
loud,2
"ends,",2
Write,2
wheels,2
applauds,2
forever!,2
"conducting,",2
KATHERINA,2
brothel.,2
delightedly.,2
"ever,",2
"CAVALIERI,",2
Selim,2
florid,2
excitement.,2
'Bravo!,2
talking.,2
finale,2
Persian,2
Without,2
heroine,2
fairly,2
sticks,2
issue,2
ends.,2
We'd,2
Evening,2
"children,",2
trapeze,2
above.,2
"post,",2
coloratura,2
judge,2
"fainter,",2
sight.,2
Morbidezza!,2
rocks.,2
Anything,2
morning,2
passing,2
"comes,",2
banality.,2
They'll,2
yes?,2
"men,",2
Something,2
shy,2
are!,2
"Wolfgang,",2
Schikaneder's,2
Adorable!,2
Open,2
she?,2
"hoof,",2
love.,2
"louder,",2
heart!,2
"song,",2
lesson,2
confess,2
voices),2
again!,2
alarm.,2
cake,2
Italians,2
hate,2
Always,2
peering,2
DWARVES,2
Lord,2
pot,2
ridiculous?,2
repeated,2
thinking,2
vamp,2
nervously.,2
Elizabeth.,2
course!,2
leaving,2
groom,2
level,2
draw,2
produce,2
Sir,2
madness,2
while,2
hats.,2
Servant,2
chorus,2
clever,2
Italians!,2
Enter,2
Thirty-two,2
silence,2
masks,2
committee?,2
hanging,2
samples,2
submit,2
house?,2
anger.,2
trembling,2
desk.,2
stirs,2
returning,2
STRACK'S,2
CHAMBERLAIN,2
Excellency!,2
behalf,2
together.,2
Displace,2
bell,2
abruptly,2
strokes,2
faint,2
Shocked,2
palace,2
structure,2
picking,2
handwriting.,2
"silly,",2
feels,2
dictation.,2
Down!,2
meant?,2
eight!,2
kind.,2
"patient,",2
vaudeville.,2
rings,2
miniature,2
reach,2
Tollis,2
his.,2
dine,2
Tomorrow,2
clasps,2
STAIRCASE,2
tonight.,2
shut.,2
terrified.,2
Qui,2
wondering,2
seen.,2
No?,2
chromatic,2
"voice,",2
representing,2
disbelief.,2
writing.,2
"husband,",2
they'll,2
Priest.,2
balustrade,2
workroom,2
post.,2
musicians.,2
"ridiculous,",2
"Cook,",2
plump,2
cold.,2
E-flat,2
feet.,2
throw,2
shouting,2
room),2
"Sir,",2
(indicating,2
You'll,2
sugar-rolls.,2
deny,2
swiftly,2
reads,2
PARODY,2
forgive,2
Ottavio!,2
desperately,2
puzzled.,2
goodness,2
afraid.,2
drum,2
jumps,2
like.,2
art.,2
distance.,2
"much,",2
view,2
heavy,2
notice,2
drinking,2
question,2
eternal,2
di,2
"doing,",2
horses.,2
regard,2
terrifying,2
shrill,2
though,2
Faintly,2
magic,2
lust,2
You'd,2
those.,2
laughs.,2
snake,2
"inside,",2
seven,2
napkin.,2
shot,2
Fraulein.,2
Won't,2
Masquerade,2
cart,2
reason,2
drunk.,2
engaged,2
forgiveness,2
hiccups.,2
drinks,2
littered,2
(the,2
thrusts,2
"Salzburg,",2
"earth,",2
mediocrity,2
shaking,2
wall.,2
SALZBURG,2
"books,",2
HALL,2
finds,2
gestures,2
shake,2
instrument,2
try?,2
heart,2
lessons,2
fashionable,2
payment?,2
Dear,2
snowy,2
children!,2
instead,2
rise.,2
tempo,2
hurrying,2
climax,2
shocked.,2
coarse,2
streets,2
cuts,2
city.,2
desperately.,2
myself,2
flood,2
"clapping,",2
go!,2
hospital,2
act.,2
child.,2
snow.,2
dashes,2
home,2
gravedigger,2
objects,2
winks,2
cheap,2
house!,2
herself.,2
aged,2
pays,2
Stanzi.,2
doctor,2
hat.,2
Had,2
RAINY,2
actresses.,2
Stay,2
urged,2
whips,2
frantically.,2
cares,2
hurls,2
presented,2
beloved,2
Most,2
given,2
sign,2
familiar,2
"England,",2
paid,2
mood.,2
Order,2
bother,2
violin,2
him;,2
follows.,2
watch.,2
afford,2
feet,2
portfolio.,2
"am,",2
borne,2
Remember,2
nervous.,2
conquer,2
shawl.,2
accept,2
PietË†!,2
Forgive!,2
possibly,2
sausage,2
IMPERIAL,2
singer.,2
thousand,2
acolytes,2
LOCAL,2
spectacle.,2
heart.,2
suppose,2
onlookers,2
He'll,2
Europe!,2
hay,2
eats,2
Money,2
contenti!,2
"head,",2
Commendatore.,2
Done,2
egg,2
cosi,2
fortissimo,2
motions,2
gratitude,2
Figaro:,2
giant,2
frantically,2
IV,2
frail,2
abruptly.,2
blame,2
wings,2
fill,2
beautiful,2
stares.,2
Between,2
handful,2
paper,2
elaborately,2
There's,2
Wolfgang!,2
fame,2
imagine,2
dining,2
vigorously.,2
rear-end,2
swings,2
others.,2
"however,",2
pointing,2
fills,2
springs,2
devoted,2
handkerchief,2
urgent,2
voice.,2
Grace!,2
hope,2
ready,2
QUEEN,2
either,2
sustained,2
personally,2
"tea,",2
Flam-mis,2
evening,2
power,2
court,2
shy.,2
inclines,2
composer.,2
ordinary,2
apartment,2
equally,2
extravagant.,2
giggle,2
introduced,2
attended,2
extremely,2
see:,2
furious,2
dish!,2
ad-dic-tis.,2
Salesman,2
wonder.,2
D.,2
place.,2
was?,2
learn,2
staff,2
reception,2
film.,2
Ma-le-dic-tis.,2
"will,",2
shop.,2
worked,2
"women,",2
kept,2
virtue.,2
"Instantly,",2
usual,2
movement.,2
food,2
crawling,2
Ah-ha!,2
it;,2
"long,",2
Con-fu-ta-tis.,2
biscuit,2
"uneasily,",2
quartet,2
later.,2
"today,",2
dancing.,2
sorry,2
ear,2
Bene!,2
"curtsey,",2
measuring,2
alarming,2
ACTRESSES,2
gratitude.,2
throughout,2
Composer,2
"playing,",2
thinking.,2
Gluck!,2
peck,2
whispers,2
then.,2
"aid,",2
ear.,2
Husband,2
fade.,2
fade!,2
"continues,",2
obsequiously.,2
ladies.,2
present,2
greedily.,2
note.,2
celebrants,2
Taking,2
net,2
beagle),2
joyfully,2
plate,2
ARCHBISHOP'S,2
slight,2
Shall,2
beak,2
arrive,2
turning,2
watching.,2
eagerly.,2
"own,",2
conductor,2
is!,2
violently,2
her!,2
Gertrude),2
tenors.,2
wisdom,2
woman's,2
"good,",2
Aren't,2
dic-tis.,2
make-up,2
line.,2
"Bonno,",2
basses,2
getting,2
Everyone,2
GROTTO,2
stay.,2
March,2
Fourth,2
wide-eyed.,2
paper.,2
Go.,2
forever.,2
changed,2
(handing,2
interested.,2
C.,2
he'd,2
take.,2
Nothing,2
thumping,2
weeping,2
realizes,2
in?,2
covered,2
teaching,2
completely,2
"wife,",2
Confutatis.,2
"agree,",2
cheerful,2
decent,2
opera?,2
strange.,2
sneaks,2
"girl,",2
effort,2
attached,2
uniform.,2
noticed,2
astonishment.,2
"then,",2
goat's,2
hast,2
buffet,2
cautiously.,2
Maledictis.,2
"pay,",2
Eagerly,2
rips,2
page.,2
Prince-Archbishop,2
doing?,2
earth.,2
accident.,2
sire!,2
instrument?,2
sweet,2
obscene,2
concerto,2
addressed,2
friend.,2
grave,2
recoils.,2
VOICE,2
"moment,",2
"Certainly,",2
oder,2
Madchen,2
educated,2
usual.,2
"minutes,",2
into:,2
quill,2
pens,2
WINGS,2
Salon.,2
mad,2
dangerous,2
III,2
serious,2
pastries,2
recognize,2
Opera.,2
"fact,",2
"Papageno,",2
crowd.,2
shots,2
"Goodbye,",2
"sixty,",2
baton.,2
"goodbye,",2
surely,2
language,2
agree,2
Chamberlain?,2
wonderful!,2
serves,2
ARCHBISHOP,2
till,2
Hear,2
Till,2
Hear!,2
version,2
single,2
"group,",2
him!,2
threw,2
piu,2
myself.,2
image,2
"paper,",2
rushes,2
ink.,2
"silence,",2
Fire.,2
HALLWAY,2
Susanna,2
"simple,",2
around.,2
desire,2
parts,2
nervously,2
Salzburg,2
rises.,2
girl),2
husband's,2
thy,2
F,2
attention,2
important.,2
jaunty,2
concert.,2
defiantly,2
ballet.,2
Orsini-Rosenberg.,2
sausages,2
starting,2
Actors,2
Theatre,2
"score,",2
Emperor's,2
preparing,2
balls,2
Weiden,2
unexpectedly,2
Thirteen,2
steal,2
seemed,2
"longing,",2
basset,2
Emmanuel,2
ducks,2
performing,2
increases,2
composition,2
Strack),2
past,2
"do,",2
arrange,2
"piece,",2
Indeed.,2
COSTUME,2
"time,",2
"actually,",2
wide-eyed,2
door;,2
furnished,2
burn,2
lost.,2
fart,2
Am,2
hangs,2
me:,2
exchange,2
Have,2
"have,",2
yet.,2
wigs.,2
brilliant.,2
carriage.,2
Hannah!,2
You've,2
about?,2
years.,2
parents,2
sotto,2
Figaro?,2
trees.,2
(shouting),2
"bello,",2
eh?,2
acknowledges,2
"dizzy,",2
strains,2
falling.,2
are?,2
Such,2
immense,2
doorway,2
scramble,2
instruments,2
duet,2
yours?,2
Mio,2
hero,2
find,2
elevated,2
creature,2
returned,2
(speaking,2
"giggling,",2
am.,2
Gertrude!,2
Gertrude.,2
either.,2
wet,2
elaborately.,2
"Grace,",2
drink,2
Adagio,2
business.,2
members,2
cum,2
"ha,",2
Veramente.,2
bottles.,2
returns,2
They've,2
Kiss,2
different,2
Ladies,2
expression,2
game.,2
vo-ca,2
dirty,2
male,2
ill.,2
Eat,2
offstage,2
begin,2
"wait,",2
sedan,2
arrived,2
amusement.,2
carries,2
today,2
finest,2
offered,2
"woman,",2
terrific,2
mother's,2
tricks,2
Keep,2
Being,2
pity,2
leaps,2
ugly,2
surrenders,2
doorway.,2
ridiculous!,2
German?,2
Sra-I'm-sick,2
"Turkish,",2
leader,2
conducted,2
want.,2
care.,2
goes.,2
dress,2
children.,2
angel.,2
treat,2
"fellow,",2
"tired,",2
point.,2
subject,2
appropriate,2
out),2
disgust.,2
theatre?,2
their!,2
things!,2
willful,2
awkward,2
fair!,2
Mouse-wouse?,2
"done,",2
humming,2
feverishly.,2
holy,2
am!,2
"herself,",2
handing,2
side.,2
"yours,",2
concert,2
Antoinette,2
bed;,2
"speaks,",2
stopping,2
relic.,2
Miaouw!,2
ring,2
plays.,2
"Director,",2
napkin,2
dinner.,2
fails,2
nod.,2
"humility,",2
family,2
Joseph's,2
Who?,2
no?,2
accompanying,2
grows,2
less,2
fellow,2
"abruptly,",2
Swieten.,2
admirer,2
Will,2
fascination.,2
Schlumberg.,2
slowly.,2
Make,2
harmony.,2
clapping,2
mimes,2
forfeit.,2
"stands,",2
themselves,2
closed,2
let's,2
(calling,2
sixth,2
Back!,2
noise.,2
knees,2
Absolutely.,2
nobody,2
vulgar,2
stopped.,2
miracle!,2
"rowdy,",1
specifically,1
quaking,1
"goes,",1
bawdy,1
blackest,1
"duet,",1
interlude,1
luxe,1
"motifs,",1
situations,1
"vehicle,",1
driver.,1
supper,1
commander,1
rose,1
Ballet?,1
quarreling.,1
482.,1
incorporating,1
"lap,",1
PRESENTS,1
ephemeral.,1
concerto.,1
advances,1
wife's,1
Giovanni!,1
doubts,1
ennoble,1
twenty?,1
libertine.,1
involved.,1
anger?,1
Look!,1
Bello!,1
ballet?,1
fear,1
Impresario,1
"Bello,",1
reflective,1
de,1
Flames,1
tunes,1
tidier,1
crash,1
one),1
fist,1
practice,1
nods.,1
minuet,1
(end,1
pedal,1
"clothes,",1
nailed,1
accusation.,1
considerably,1
concentrates,1
"I),",1
gods,1
continuous,1
belonging,1
individuals,1
starts.,1
signet,1
Following,1
Lorl's,1
recitatives.,1
(ignoring,1
extending,1
offering,1
new.,1
"helmet,",1
Giovanni's,1
set.,1
Abruptly,1
billboards,1
fed,1
forbid,1
begins?,1
attractive,1
drives,1
follows:,1
writing?,1
accusation,1
represent.,1
MOZART',1
statue,1
Celebrated,1
posters,1
armoured,1
shuts.,1
S,1
"beer,",1
"sausages,",1
(aroused),1
teeth,1
"example,",1
legends?,1
absolutely.,1
rehearsal.,1
admitting,1
hands;,1
parodies,1
advertising,1
Hell.,1
"oh,",1
'Repent!,1
terrible,1
lofty,1
"quintet,",1
themes?,1
Elevated?,1
mood:,1
gardener,1
quartet.,1
bores!,1
torturer.,1
Orpheus?,1
SPEECHES,1
delightful,1
open-air,1
Trio,1
gayest,1
rehearsing,1
"grave,",1
Horatius?,1
possessing,1
burst,1
WRITTEN,1
BY,1
Hercules?,1
Imagine,1
direction.,1
valet,1
oppression.,1
understanding,1
fit.,1
"hour,",1
appreciative,1
flanked,1
seized,1
shit,1
icy,1
Statue's,1
given.,1
gripped,1
sustain,1
"tongue,",1
Listening,1
spirit,1
"passionate,",1
sizable,1
rubbish?,1
Guess!,1
outdoor,1
Music!,1
octet!,1
PLAYERS,1
"septet,",1
Surely,1
Mirth!,1
Magic!,1
accepts,1
waste,1
Govern,1
"sextet,",1
coins.,1
"Guess,",1
marble!,1
space.,1
SONGS,1
worshipping,1
artificial,1
scheming,1
semi-darkness.,1
question.,1
persuade.,1
elevate,1
persuade,1
literature,1
"servant,",1
Duet,1
summoned,1
permission.,1
apparition,1
augmented,1
Next,1
horrifying,1
understood,1
"Twenty,",1
longest,1
libertine,1
Beat.,1
"unseen,",1
clopping,1
streets.,1
slyly,1
Repent!',1
"Si,",1
si!,1
TROUPE,1
Barone.,1
judgment,1
case,1
"doorway,",1
Incredible.,1
robes,1
maybe,1
Demons,1
screaming,1
Elevated!,1
trio.,1
occasion.,1
farce.,1
482),1
complex,1
hairdressers,1
"Confused,",1
passage.,1
scene!,1
"last,",1
Noise;,1
"myself,",1
space,1
secret,1
influence,1
half.,1
splitting,1
honest.,1
bello!,1
politics,1
Countess',1
brilliantly.,1
double,1
tipsy,1
minutes!,1
rehearsing.,1
smoke;,1
"endless,",1
points,1
ministrations.,1
valet.,1
flourish.,1
completes,1
"situation,",1
glances,1
482).,1
conspirators.,1
bar.,1
expose,1
EMPEROR'S,1
cadenza,1
cheeks.,1
"climax,",1
conversation,1
"quiet,",1
preceding,1
boisterous,1
Consternation,1
while.,1
story,1
mare,1
apathetic.,1
Those,1
atti.,1
whisper.,1
grander,1
unstoppable,1
disguised,1
Countess.,1
outwits,1
master,1
cannot.,1
exposes,1
signaling,1
Baron!,1
Clever,1
lecher.,1
implications?,1
"be,",1
modern?,1
maid's,1
"regulation,",1
occurred,1
greeted,1
balleto,1
"years,",1
conferring,1
removed,1
absolution.,1
suit.,1
quattro,1
"lost,",1
Francese,1
performances!,1
"yawns,",1
Cherubino.,1
LACKEY,1
turn.,1
"Susanna,",1
conspirators,1
pacing,1
sympathetically.,1
"approaches,",1
Nine,1
"apprehensively,",1
title,1
Nine!,1
"rise,",1
"Contessa,",1
lips.,1
withdrawn.,1
know;,1
Sit,1
surreptitiously,1
March.,1
outrageous.,1
summons,1
announces:,1
dal,1
Comedia,1
cues,1
victory.,1
tratta,1
lacking,1
musica,1
"halt,",1
presently,1
"procession,",1
"steps,",1
lucky,1
present.,1
lay,1
pitiful,1
yawned,1
Nozze,1
once.,1
Le,1
lackey,1
yawns,1
fail,1
night;,1
instruments.,1
tableau,1
France.,1
Peasants,1
favour?,1
express,1
subtle,1
chosen,1
Hush!,1
indicate,1
deliriously,1
Director!,1
certainly.,1
please?,1
'bellissimo.',1
pleasure,1
sullenness,1
courtiers'.,1
"interruption,",1
"subject,",1
crescendo,1
Holy,1
repeat,1
brilliantly,1
bravo's,1
there:,1
Four,1
imperial,1
Aie!,1
Countess,1
interest,1
fathers.,1
'Honour,1
days,1
raising,1
Commandment,1
prevent,1
"edict,",1
hoped,1
Fifth,1
Orsini-Rosenberg),1
raise,1
scatter,1
faintly;,1
bows.,1
Anches,1
flourish,1
earth.',1
owe,1
ORSINI-ROSENBERG'S,1
reprise,1
Count:,1
king.,1
learned,1
livery;,1
four!,1
bravo's.,1
memorable,1
wonder,1
fawningly,1
Sire,1
revealed.,1
frankly,1
wonders,1
bold,1
nonsense.,1
halt.,1
ground,1
decrees,1
Leopold),1
visit,1
refresh,1
"memory,",1
law,1
"reason,",1
"(Ah,",1
father?,1
"liking,",1
contenti.,1
cosi),1
sure?,1
Oblige,1
anxiously,1
Kapellmeister.,1
costume.,1
Bravo!,1
Golden,1
Spur.,1
play?,1
defeat.,1
setting,1
England.,1
'bravo',1
'bravo'!,1
"'bravo,'",1
ago.,1
Bravo?,1
triumphant,1
climax.,1
memory.,1
searches,1
three!,1
Hah!,1
produced,1
twenty-,1
twenty-two!,1
character:,1
"Still,",1
"sit,",1
background,1
punishable,1
favore.,1
"calmo,",1
respectful,1
Chain.,1
left.,1
Sta,1
gold.,1
hysterics.,1
"written,",1
brushes,1
friends.,1
brightest,1
star,1
firmament.,1
boxes,1
announce.,1
places,1
chain,1
claps.,1
restrains,1
"adoringly,",1
determinedly.,1
sublime!,1
counted,1
tickets,1
Amadeus.,1
rewrite,1
re-write,1
holies',1
Pages,1
'holy,1
France,1
caused,1
immensely,1
(mock,1
bitterness.,1
quarters,1
Utterly,1
workroom.,1
section,1
fears,1
us:,1
ripped,1
unbelievable!,1
Six,1
pawnshop.,1
moved),1
Sublime!,1
tearing,1
flock,1
terror.,1
news,1
wedding.,1
nobles,1
Yes,1
love?,1
gentlemen,1
operas?,1
forbidden,1
jubilantly),1
"Fartsbishop,",1
expressly,1
king,1
provoke,1
"over,",1
Rosenberg.,1
"solemnly,",1
curious.,1
"disperses,",1
"finished,",1
"money,",1
Statue,1
frolic.,1
curiosity.,1
(standing,1
prohibit,1
approval.,1
Excellency?,1
Vatican.,1
tug,1
box:,1
pat,1
sideboard.,1
searching,1
offense.,1
edicts.,1
"not,",1
politics.,1
flatter,1
Schikaneder?,1
Explosive,1
"apartment,",1
drawer,1
"opens,",1
gingerly.,1
strangers,1
Everybody's,1
interpret,1
party.,1
"innocent,",1
classes.,1
reason.,1
Great,1
beloved.,1
mio,1
"caro,",1
flown,1
"lei,",1
eye,1
awe.,1
Signor,1
Antonio!,1
"too,",1
whatever,1
memento,1
presume.,1
unsuitable,1
relief,1
object,1
candle.,1
Deafening,1
throng;,1
applauding.,1
'Salieri!,1
half-expired,1
Salieri!',1
"imposing,",1
(fuming),1
'Bravo!',1
rehearsals,1
appeared.,1
gracefully.,1
tribunal.,1
Against,1
demands,1
concentrate,1
four.,1
yourself?,1
marvelous.,1
declared,1
"act,",1
themselves.,1
"astonishment,",1
come?,1
overestimate,1
"Viennese,",1
"ballet,",1
Stealthily,1
mentioned,1
rage,1
songs,1
clap?,1
Emperor),1
imitating,1
end.,1
Persian.,1
angry!,1
finale.,1
discarded,1
"fire,",1
acclamation:,1
accepting,1
crown,1
ball;,1
rejoicing,1
decor,1
utterly,1
score?,1
conventional,1
silent),1
uninventive.,1
Orsini-Rosenberg?,1
reverence,1
tolerant,1
censor,1
lightly.,1
keeps,1
poker,1
burned,1
(motioning,1
Yet,1
strewn,1
'Brava!',1
inkstand.,1
questions.,1
comedy.,1
(withdrawing,1
at:,1
"seated,",1
"think,",1
scarcely,1
"manuscripts,",1
fixedly,1
counts.,1
buckle,1
sock;,1
"heart,",1
wig;,1
apparently,1
own.,1
moved,1
lips?,1
fair,1
fortunate.,1
legends!,1
"""AMADEUS""",1
outside.,1
improvised,1
Another?,1
tomorrow,1
coverlet.,1
returns.,1
suspicious.,1
vaguely,1
bob,1
Goodnight!,1
"Goodnight,",1
(delighted),1
truly!,1
perfection,1
Goodnight,1
cheer,1
share.,1
superb.,1
actresses),1
soon!,1
night?,1
way?,1
waltz,1
coverlet;,1
pillows.,1
propped,1
arm),1
(laying,1
wrong.,1
Now?,1
Trivial,1
could.,1
BADEN,1
DANCE,1
Dead.,1
write.,1
focus.,1
dizzy,1
allowed.,1
tomorrow.,1
shouted,1
triumph-de-luxe,1
coverlet,1
miss,1
cravat.,1
loosen,1
struggles,1
colleague,1
back?,1
Spa.,1
shoes,1
grandest,1
(vaguely,1
stirs.,1
lantern),1
Karl.,1
"child,",1
belongs,1
departed.,1
sublime,1
operone.,1
wonderfully.,1
bird,1
rest.,1
became,1
exhausted.,1
Better,1
sleeping,1
attendants,1
feathered,1
knows!,1
fancies.,1
knows.,1
Finish,1
"would,",1
Ask,1
Wait!,1
"loudness,",1
ill?,1
necks,1
worktable.,1
slithers,1
blank,1
mis,1
flam-,1
"ad-dic-tis,",1
F.,1
engulfs,1
soundtrack,1
Sing,1
ad-,1
flam-mis,1
"Ma-le-dic-tis,",1
E.,1
Third,1
"G-sharp,",1
beat.,1
note),1
A.,1
Basses,1
"words,",1
tenors,1
engulf,1
(He,1
scribbles,1
impatiently.,1
move,1
irritated.,1
(labouring,1
line),1
hurriedly,1
rhythm.,1
"stopped,",1
Identical,1
basses.,1
flicks,1
ink,1
possible:,1
jotting,1
mouthing,1
Start,1
impatient,1
"speed,",1
manuscript),1
acribus,1
Flammis,1
confounded.,1
dextra.,1
parte,1
Statuens,1
Recordare,1
(consulting,1
translate,1
stop?,1
dictate,1
feverish,1
possessed,1
bright-eyed,1
composed.,1
"quills,",1
addictis.,1
Consigned,1
expert,1
minor.,1
"can,",1
urgently,1
Common,1
time?,1
signature.,1
key,1
Suddenly.,1
Major?,1
dies.,1
ended,1
pen.,1
begin.,1
Come.,1
Strange!,1
forever?,1
Burning,1
half-eaten,1
lights,1
pane,1
broken,1
Divine,1
shalt,1
"punishment,",1
remitted,1
Gods,1
chasms,1
darkest,1
wander,1
stage),1
(on,1
tones.,1
stern,1
Priest,1
backstage.,1
stealthily,1
conductor.,1
violinist,1
Content,1
consecrated,1
ones.,1
"manuals,",1
nicer,1
indigestion.,1
Laughter,1
Well!,1
(Schikaneder),1
haughtily,1
Silently,1
pediment.,1
content,1
inscribed,1
'Wisdom',1
temple,1
scenery,1
chariot,1
flying,1
goblet,1
"pit,",1
extravagantly.,1
weeps,1
gracious,1
book,1
person.,1
direct,1
author,1
friendship,1
"Public,",1
honourable,1
List),1
engraved,1
Cast,1
(The,1
Acts,1
FLUTE,1
MAGIC,1
perform,1
Privileged,1
"copperplates,",1
role,1
awful!,1
Ein,1
audience),1
Gods!,1
Merciful,1
within.,1
mysterious,1
"feathers,",1
Weibchen.,1
-1790'S,1
office,1
AUDITORIUM,1
"STAGE,",1
o'clock,1
7,1
admission,1
Prices,1
kr.,1
(Ein,1
Weibchen),1
"interpolated,",1
(appalled),1
know!,1
older.,1
(nervous),1
tenderly,1
faithfully,1
Audience,1
luck.,1
woman.,1
"delightful,",1
fling,1
limp,1
stoops,1
step,1
forward.,1
manager.,1
Etc.,1
"delicious,",1
delectable,1
'Doctor!,1
porters.,1
stuck,1
sock,1
"unmade,",1
neglected.,1
miserably,1
music:,1
disarray.,1
sedan.,1
"bird,",1
collapse,1
over?,1
winter's,1
"consciousness,",1
recovered,1
(amorously),1
tough?,1
home.',1
"saying,",1
pretends,1
before),1
certain,1
flown.,1
wreck,1
cruelty,1
Their,1
(encore),1
lonely.,1
"lightly,",1
pretending,1
"(encore,",1
drinking!,1
Prince,1
entranced.,1
situation,1
off-stage,1
"bells,",1
view:,1
play;,1
voices,1
tie,1
salts.,1
smelling,1
temples.,1
revive,1
unconscious,1
worriedly,1
hideous,1
tattered,1
flourishes,1
"Papagena,",1
pick,1
deputy,1
comedian,1
near-halt.,1
commotion.,1
anxiety;,1
simpler.,1
(finishing),1
identical?,1
"raw,",1
oblivion,1
infamy.,1
eternity,1
tied,1
names,1
Our,1
last!,1
immortality,1
loathing.,1
"love,",1
Whenever,1
penance?,1
murderer?,1
make?,1
difference,1
body.,1
poisoned,1
planned,1
merciful,1
son!,1
denies,1
eased,1
MARX,1
ST.,1
CEMETERY,1
flute.,1
broke,1
uses.,1
Understand,1
Pity,1
glory.,1
share,1
smallest,1
destroyed,1
pity.,1
snatched,1
Took,1
didn't!,1
murder?,1
confessing,1
CITY,1
measured,1
accompanies,1
cart.,1
miserable,1
limits,1
passed,1
WALLS,1
drizzling.,1
drizzle,1
"Sophie,",1
youngest,1
also:,1
drawn,1
"cart,",1
load,1
mourning,1
thread.,1
heavy.,1
misery,1
arm,1
stream,1
Tears,1
"convulsively,",1
Morning,1
Pacem!,1
Eis,1
Dona,1
seeking,1
shelters,1
assist,1
collapse.,1
soaking,1
"mournfully,",1
distant.,1
"nobody,",1
"cemetery,",1
communal,1
grave.,1
lifted,1
tortures,1
nuns.,1
nurses,1
exercise,1
"smocks,",1
"attendant,",1
fulfill.,1
longings,1
mercy.,1
"wretched,",1
"Him,",1
patron,1
champion.,1
mediocrities,1
ignores,1
Fresh,1
breakfast,1
form,1
procession,1
we've,1
Sign,1
OUT:,1
FADE,1
"chords,",1
Funeral,1
stealing,1
"hear,",1
Underneath,1
blesses,1
disturbed.,1
full-face,1
absolve,1
come:,1
"everywhere,",1
Mediocrities,1
benediction.,1
"wheelchair,",1
favourite,1
closet.,1
pine,1
taketh,1
thirty-two,1
alive,1
keeping,1
"use,",1
value.,1
Lord.,1
Blessed,1
giveth.,1
honours,1
censers.,1
swing,1
quicklime,1
assistant,1
containing,1
sacks.,1
sack.,1
torture?,1
awards.,1
Time,1
extinct.,1
Professor!,1
ATTENDANT,1
hearty.,1
attendant,1
Bless,1
"crying,",1
sacred,1
meaningless,1
invested,1
distinguishing!,1
incapable,1
Salieri',1
'distinguished,1
called,1
"saluted,",1
bowed,1
coffin.,1
CATHEDRAL,1
Trumpets,1
STEPHEN'S,1
vehicle.,1
motion,1
sway,1
sleepless,1
CARRIAGE,1
countryside.,1
driving,1
"scenes,",1
(urgently),1
fast!,1
twice.,1
eighth,1
"7,8,9).",1
(Bars,1
Me,1
arpeggio.,1
violins,1
"exhausted,",1
dictating,1
urgently.,1
arrived.,1
dawn.,1
wintry,1
cold,1
boy's,1
attend,1
Postillions,1
alight,1
1790'S.,1
assiduously.,1
dictating;,1
moving,1
"carriage,",1
forehead.,1
pouring,1
sweat,1
sick:,1
"underneath,",1
'dictis'.,1
'Voca'?,1
Strings,1
unaccompanied,1
"writes,",1
dominant,1
"E,",1
(excitedly),1
B.,1
unison,1
smiles),1
agitated,1
measure.,1
grim.,1
timpani.,1
trumpets,1
"top,",1
dominant.,1
"timpani,",1
overwhelm,1
Me.,1
be-ne-,1
inspired.,1
"Vo-ca,",1
part),1
alto,1
Altos,1
thirds.,1
altos,1
Major.,1
hushed,1
voce.,1
"upright,",1
bolt,1
blessed.,1
benedictis.,1
pianissimo.,1
"voce,",1
down:,1
stutters,1
close.,1
End,1
weak,1
reluctance,1
(hard),1
"Requiem,",1
assisting,1
reclaim,1
convulsive,1
suspicious,1
decided.,1
agony,1
recognizes,1
speak.,1
"relief,",1
hugs,1
must!,1
must.,1
"better,",1
costs,1
chest,1
Forgetting,1
hatred.,1
cheated.,1
comprehending,1
apprehension.,1
dawning,1
"grows,",1
Requiem.,1
(louder),1
mutual,1
"lid,",1
Respect,1
stunned.,1
stretches,1
Involuntarily,1
key.,1
pockets,1
locks,1
missed,1
wakes.,1
bit?,1
shirt,1
previously,1
disordered,1
enter.,1
position.,1
cramped,1
waistcoat.,1
sleeves,1
"street,",1
bare.,1
cobbled,1
approach,1
WINTRY,1
foolish.,1
ashamed.,1
little?,1
Lacrimosa.,1
"pages,",1
surprise,1
notices,1
"waistcoat,",1
asking,1
doesn't.,1
"ill,",1
absurd.,1
bunched,1
vestment,1
"ineptly,",1
button,1
dozing,1
scrambles,1
entrance,1
Startled,1
guttered,1
guttering,1
smoke,1
trailing,1
Royal,1
priv.,1
R.,1
bale,1
someday.,1
marvelous,1
fools.,1
success.,1
worth,1
"bundle,",1
cost,1
"monkey,",1
son),1
baby,1
Wonderful!,1
apprehensive.,1
amused.,1
smiling;,1
pipers,1
troupe,1
family.,1
'Course,1
would.,1
belong,1
free,1
foot,1
Dresden,1
picked,1
Animals?,1
animals.,1
effects,1
machine,1
"production,",1
"boy,",1
fantasy.,1
know:,1
"want,",1
better!,1
felt,1
Court.,1
snobby,1
whistling,1
falls.,1
curtain,1
lace,1
"pie,",1
sausages.,1
roars,1
sausage.,1
arsehole.,1
hiding,1
modestly,1
tail,1
shower,1
sideways.,1
hind-quarters,1
hinge,1
Watch,1
on),1
(holding,1
neigh,1
crust,1
iced,1
general,1
dove.,1
"dancing,",1
wohl,1
"magical,",1
sketch,1
doves,1
Contenti.,1
Wild,1
"tension,",1
cakes!,1
pause,1
breathless,1
pops,1
pries,1
"Whoa,",1
rears,1
pocket.,1
folds,1
"inches,",1
fan.,1
mechanical.,1
manuscripts,1
scrolls,1
examining,1
students,1
scholars,1
Several,1
LIBRARY,1
"mine,",1
down),1
"talent,",1
endowed,1
"doubt,",1
borrow.,1
"earn,",1
instead?,1
favour,1
(keeping,1
"embarrassing,",1
eager,1
managed,1
served,1
customers,1
"tragic,",1
sad.,1
debts.,1
constantly,1
alienate,1
cause.,1
begging,1
"Baron,",1
afford.,1
fee,1
concerts.,1
Sunday,1
Bach,1
Baron.,1
"services,",1
instruction?,1
couple,1
receipts?,1
boy!,1
"Triumph-de-luxe,",1
number.,1
haste,1
"Whoops,",1
Emperor?,1
receipts!,1
manager,1
When?,1
it'll,1
Mind,1
de-luxe.,1
triumph-,1
guarantee,1
"songs,",1
catchy,1
enchanted.,1
Either,1
profit,1
wickedly.,1
"Mannheim,",1
surprise.,1
composure.,1
careful,1
bewildered.,1
unwell,1
Michael,1
Dogs,1
trust,1
hand!,1
"Stanzi-manzi,",1
(dirty),1
penny.,1
Monkey-flunki-punki.,1
Karl),1
common.,1
piercing,1
prestissimo!,1
renting,1
Leporello!,1
harmony),1
(close,1
TOGETHER,1
Tree,1
rush,1
invited,1
drunk?,1
height.,1
nobleman.,1
Dinner?,1
dinnnnnner!,1
Giovannnnnnnni!,1
difficult.,1
"attitude,",1
extend,1
off-stage.,1
retire,1
Hold,1
tight,1
grab,1
bashful.,1
Boos,1
whores.,1
"loudly,",1
neighs,1
neigh.,1
second.,1
hesitate,1
(singing:,1
(angry),1
part!,1
"stable,",1
adorable!,1
"sing,",1
radiant,1
horse!,1
horseman.,1
facing,1
backwards,1
catapulted,1
anticipatory,1
manned,1
"expression,",1
ridiculous,1
gallops,1
pantomime,1
flat,1
vamp.,1
C-c-c-come,1
precariously,1
knock.,1
heard;,1
accommodate,1
hide,1
dash,1
quiet.,1
crash.,1
inside.,1
"dwarf,",1
see-saw.,1
beats,1
lowered,1
shoulders,1
see-saw;,1
"Exasperated,",1
locate,1
rider,1
"Bewildered,",1
fails.,1
armour,1
trots,1
balance,1
Giovannnnnnnnnni!,1
voice:,1
nasal,1
"high,",1
helmet,1
circus!,1
sails,1
Cavalieri's,1
ante),1
rim,1
GIRLS,1
delightedly,1
meat!,1
stew,1
"stew,",1
"pot,",1
(speaking;,1
hum,1
starving!,1
seconds.,1
"hours,",1
(all,1
soprano?,1
dwarves),1
SCHNAPPS,1
"climb,",1
too!,1
PEPPER,1
Spoil,1
"hay,",1
daram),1
oi,1
La,1
Hey,1
hay!,1
HORSE,1
Foil,1
dripping,1
Soil,1
pot),1
(from,1
spoons.,1
Boil,1
Broil,1
Oil,1
sneezes.,1
SALT.,1
Arten.,1
(swinging,1
cauldron,1
applauds.,1
trapeze.,1
bar,1
collapses,1
"sword,",1
dea,1
Slay,1
copies,1
Flay,1
Lash,1
Bash,1
Dash,1
dramatically),1
women!,1
"Women,",1
steaming,1
cooks',1
skirts.,1
waving,1
labeled,1
sides,1
spoons,1
cooking,1
splash,1
"trapeze,",1
sword.,1
exciting,1
EIGHT,1
tremolando.,1
"repeated,",1
overture,1
swinging,1
stewpid,1
stew-stew-stew-stew!,1
stew-,1
staff:,1
"masks,",1
&,1
cot,1
"Inside,",1
Weiden.,1
tenement,1
courtyard,1
SUMMER,1
Papa-Papa,1
patter,1
light-hearted,1
"stopping,",1
tiptoes,1
quietly.,1
downward,1
pans,1
Majestatis,1
Tremendai,1
Rex,1
"tearfully,",1
chaos,1
papers.,1
Strewn,1
staggers,1
WEBER'S,1
Stanzi-marini-bini?,1
closets.,1
empty.,1
crosses.,1
"Puzzled,",1
building.,1
"happy,",1
bird-,1
drunk,1
necks.,1
other's,1
noses,1
rubbing,1
"Absurdly,",1
"composer,",1
hurt,1
helplessly.,1
flow.,1
"briefly,",1
looks.,1
can!,1
request?,1
neglecting,1
stranger.,1
"Warily,",1
irresponsible,1
rude,1
"sick,",1
"portrait,",1
"gleefully,",1
alone:,1
Introduction,1
boy's.,1
blanket,1
"kneels,",1
"Nervously,",1
weeks.,1
frighten,1
killing,1
nonsense,1
worry,1
cry.,1
drinking.,1
honest,1
awful.,1
suddenly.,1
ghost!,1
both.,1
penny,1
slave,1
fear.,1
Work!,1
reward.,1
"finish,",1
sooner,1
grimly,1
"also,",1
exhausted,1
boxes;,1
seething!,1
wrath,1
hellish,1
furiously),1
intimacies.,1
presumably,1
inhabitants,1
possesses,1
Flame,1
rapt,1
sits:,1
"area,",1
citizens,1
Cabaret.,1
re-arranged,1
interior,1
destruction,1
throne!,1
Sarastro.,1
Vengeance!,1
small:,1
"Flute,",1
poster,1
lightning.,1
Thunder,1
vow!,1
Mother's,1
blood!,1
thee,1
kin,1
bonds,1
sundered,1
Rejected,1
more!,1
extinguished.,1
Sarastro's,1
"sings,",1
urging,1
passive,1
health,1
often,1
exists,1
monster!,1
moppet,1
girl?,1
foundation.,1
can.',1
Spa,1
'Choose,1
money!,1
Here's,1
away!,1
'Right,1
"'Leave,'",1
speech.,1
constant,1
warned,1
"baby,'",1
"costumed,",1
"Selfish,",1
fantastically,1
"Night,",1
Queen,1
packing,1
Weber's,1
scream,1
selfish.,1
Selfish!,1
listen?,1
Selfish,1
arse.,1
"Silly,",1
says.,1
"boy,'",1
'He's,1
listens?,1
hours.,1
Tenderly,1
"costumes,",1
ill;,1
Powerless,1
listen.,1
last.,1
touched,1
passion,1
depth!,1
sublimity!,1
Antonio,1
Death:,1
middle.,1
"coffin,",1
"Cathedral,",1
horror.,1
terrified,1
plan,1
confession,1
driven,1
powerless,1
"end,",1
understand?,1
"throat,",1
scared,1
"workroom,",1
startles,1
raves,1
banging,1
grimaces,1
spilling,1
engulfing,1
worried,1
wildness,1
demonic,1
Irae,1
Dies,1
raging,1
dream,1
actual,1
"animated,",1
wildly,1
telling,1
reflected,1
otherwise,1
stalking,1
"snow,",1
tutti,1
SNOWY,1
darkly.,1
full-length,1
assembled,1
frivolous,1
expression.,1
"frown,",1
"masquerade,",1
wore,1
continues.,1
"carriages,",1
"passers-by,",1
festivities.,1
carnival,1
it),1
Almost,1
(pouncing,1
startled,1
Minor).,1
(also,1
soon.,1
fast.,1
Work,1
Fifty,1
expresses,1
much?,1
messenger.,1
frowning,1
"dark,",1
SHOCK,1
cramps.,1
stomach,1
floridly,1
peeking,1
kitchen.,1
pains.,1
Opera?,1
(startled),1
sense.,1
Really!,1
"frightened,",1
over.,1
bend,1
medicine?,1
frightened!,1
worse.,1
medicine,1
frightens,1
scared!,1
leaving.,1
Calm.,1
calm,1
Opera!,1
(insistently),1
fuck,1
dishes,1
asleep.,1
enter:,1
passage,1
symbols.,1
woven,1
"apron,",1
fireplace;,1
table;,1
Flute,1
litter,1
Papers,1
disorder.,1
"wall,",1
shows,1
dirty.,1
grandly.,1
tearful,1
"Listen,",1
interrupting,1
down!,1
rehearsal,1
triumphantly.,1
think?,1
what'd,1
"vaudeville,",1
finished?,1
said!,1
"wild-eyed,",1
demented,1
him:,1
business?,1
Mass?,1
friend?,1
Where's,1
(peering,1
something?,1
"bright,",1
Schikaneder.,1
appeal.,1
"libretto,",1
intense,1
"arms,",1
Kings.,1
"mad,",1
Requiem?,1
intelligent,1
stuff!,1
waiting?,1
Here.,1
hired,1
"clown,",1
lapels.,1
Bibbling,1
bibbling.,1
Scribbling,1
noodle.,1
frame,1
priest),1
confidentially.,1
"fireplace,",1
"smiles,",1
chewing.,1
flattered,1
Lorl?,1
eats.,1
baker.,1
thanks,1
favourites.,1
macaroons,1
Siena,1
unwraps,1
Greedily,1
baker's,1
basket,1
lower-class,1
result.,1
WIGMAKER'S,1
admits,1
"mirror,",1
dotted,1
consists,1
awaits,1
officers,1
goodbye,1
bidding,1
heads?,1
decide.,1
"beautiful,",1
replaces,1
doubt,1
"proud,",1
"hair,",1
blonde,1
"SALESMAN,",1
"LORL,",1
Si.,1
famossissimo!,1
pleasant,1
"cattivo,",1
intention.,1
infuriate,1
notion,1
rough.,1
bruta,1
scusate,1
solamente.,1
"art,",1
Dirretore.,1
accent),1
(Italian,1
Kapellmeister?,1
plain,1
Plain,1
"(briskly,",1
welcome,1
powdered,1
somber,1
ruffles,1
"quill,",1
scratches,1
difficulty.,1
"composing,",1
Opposite,1
Christ.,1
severe,1
"olivewood,",1
handsome,1
mantelpiece,1
marble,1
"Also,",1
four-poster,1
study.,1
"about,",1
gentlemen.,1
"improper,",1
straordinario!,1
Finally!,1
hand),1
illustrious,1
excitedly),1
(bowing,1
Welcome.,1
Baron,1
sure.,1
wild,1
"Embarrassed,",1
Jumped,1
did?,1
fell.,1
slipped,1
"stool,",1
Diletto,1
variations,1
over),1
caro,1
brilliante,1
Compositore,1
eccezionale.,1
mo,1
onore,1
un,1
E,1
commosso!,1
Sono,1
"grazie,",1
expertly),1
compliment.,1
yielded,1
"tune,",1
Adone.,1
others),1
old.,1
already?,1
(raising,1
stylishly,1
bewildered,1
"literally,",1
instructions,1
"A-flat,",1
practice.,1
minute,1
"slowly,",1
Bring,1
Majordomo),1
"honour,",1
permit,1
"Delightful,",1
"instrument,",1
"trifle,",1
wigs,1
perruqier.,1
MAJORDOMO,1
itself.,1
fervour.,1
discomfort,1
"knees,",1
"enthusiasm,",1
"Gentlemen,",1
clap,1
seem,1
"begins,",1
regards,1
"bewildered,",1
fiercely,1
applies,1
admiration.,1
"stand,",1
"language,",1
"opinion,",1
"German,",1
encouraging,1
"corridor,",1
ovation.,1
include,1
employee.,1
discomfited,1
"concert,",1
"grace,",1
kissed.,1
dismissing,1
intention,1
"harder,",1
satisfy.,1
dismissed,1
patiently.,1
dismiss,1
"sight,",1
gestures.,1
"oboe,",1
"irritated,",1
rusty,1
horns,1
bassoons,1
pulse,1
comic.,1
nothing.,1
looked,1
Extraordinary!,1
description,1
helpless,1
strains.,1
Serenade.,1
vast,1
ending,1
"Arco,",1
satisfied,1
allow,1
license,1
endure,1
Follow,1
radiant.,1
engulfed,1
transported,1
"amazed,",1
listens,1
Impossible.,1
haunted,1
legend,1
phenomenon,1
minded,1
dirty-,1
he!,1
disbelief,1
squeezebox,1
Certainly!,1
admirers.,1
ANOTHER,1
quests.,1
provocation,1
Humiliated?,1
servants?,1
humiliated,1
sir?,1
"what,",1
chatting,1
"disappear,",1
"sitting,",1
PRIVATE,1
pardon.,1
Colloredo's,1
certainly,1
remarkably,1
squeezebox.,1
"note,",1
"Excellent,",1
extraordinary,1
"he,",1
importance,1
"inkstands,",1
using,1
"secretaries,",1
"side-table,",1
decorous,1
seventy.,1
"time-serving,",1
cringing,1
"Italian,",1
BONNO:,1
GIUSEPPE,1
KAPELLMEISTER,1
mid-fifties.,1
"remarkable,",1
month.,1
"unwavering,",1
"Idomeneo,",1
Theatre.,1
National,1
"Say,",1
offer.,1
tempted,1
surely?,1
acquire,1
promising,1
spice.,1
abilities.,1
impress,1
Tiresome?,1
tiresome,1
That?,1
Crete.,1
kindly,1
Librarian:,1
"SWIETEN,",1
BARON,1
believed!,1
figure.,1
uncomprehendingly,1
briskly,1
struts,1
"bows,",1
score.,1
snaps,1
trembling.,1
unfulfillable,1
Filled,1
monkey!,1
delight!,1
sweetened,1
clarinet,1
be!,1
"II,",1
frugal,1
stiff,1
position,1
conscious,1
corpulent,1
ORSINI-ROSENBERG:,1
COUNT,1
correct.,1
STRACK:,1
dinner,1
JOHANN,1
Around,1
dapper,1
"intelligent,",1
milk.,1
sipping,1
e,1
dryly.,1
sucked,1
Unquestionably!,1
frantically:,1
effort!,1
Decidedly,1
effort.,1
insolence!,1
theatres.,1
pass.,1
way),1
(barring,1
her),1
(pushing,1
insupportable!,1
immediately!,1
orders.,1
guests!,1
over-excited.,1
elaborate.,1
Constanze),1
difficulty;,1
Into,1
Cut,1
quality,1
ingenious.,1
absurd!,1
"whole,",1
"er,",1
Composer?,1
"I,",1
less.,1
nor,1
Neither,1
required.,1
put.,1
Rosenberg),1
favoured,1
(pointing,1
courtiers),1
lead,1
claps,1
Much,1
fame!,1
joy,1
"fortune,",1
"Glory,",1
emblazon,1
ever!,1
"Ever,",1
Live,1
SERAGLIO,1
CAST,1
lined,1
Creature.,1
touching,1
vigorously,1
courtiers.,1
permitted.,1
part.,1
"pass,",1
BACKSTAGE,1
credit.,1
ornament,1
flunkies,1
"wings,",1
approaching,1
hush.,1
chattering.,1
hubbub,1
light.,1
"descend,",1
chandeliers,1
"auditorium,",1
skips,1
uncomfortable,1
sudden,1
eruption,1
surrounding,1
fireman,1
performance.,1
backstage,1
turmoil,1
dismantled,1
bits,1
stagehands,1
"caftans,",1
turbans,1
bother.,1
bother!,1
Katherina!,1
round,1
ahead,1
pins,1
bucket,1
instantly,1
floods,1
revived,1
singers.,1
us?,1
swirl,1
activity,1
briskness),1
hard,1
"sudden,",1
(with,1
wise,1
evening!,1
rapturously.,1
"furious,",1
Instead,1
assists,1
shock.,1
dresser,1
fuming,1
Katherina,1
water!,1
entirely.,1
"consent,",1
received,1
marry?,1
delightful.,1
fiancee,1
"And,",1
"Enchanted,",1
landlady.,1
quickly.,1
"open,",1
"mesmerized,",1
"gesture,",1
theatrical,1
outstretched,1
altogether.,1
uncomfortably.,1
Twenty-six.,1
Chamberlain.,1
Get,1
indecisive,1
"second,",1
watches.,1
tossing,1
savage,1
pleasantly,1
advice,1
Strack.,1
pace.,1
faints,1
advice.,1
impeccable,1
glaring,1
laid,1
vow.,1
faithful,1
"Gradually,",1
this!,1
-?,1
dubiously.,1
repeats,1
accuracy.,1
deadly,1
King.,1
only?,1
pleased.,1
monarch.,1
task,1
language.,1
nervous,1
embarrassed,1
rubbish.,1
Better.,1
alters,1
"(posing,",1
"Figaro,",1
exits.,1
"satin,",1
turban,1
exotic,1
high-spirited,1
"young,",1
"lesson,",1
"knock,",1
grins.,1
"glory,",1
"watches,",1
virtuosity.,1
abandon,1
Andrai.,1
Piu,1
about!,1
rolling,1
fat,1
Stupid,1
(kindly),1
sourly.,1
especially.,1
Turkey?,1
"Harem,",1
Pasha's,1
where?,1
"amusing,",1
n,1
libretto!,1
so?,1
"decided,",1
incline,1
"remember,",1
vote,1
national,1
concubines,1
exposing,1
Cattivo,1
screeching.,1
sopranos,1
discreetly.,1
faction,1
love!,1
"Love,",1
learn.,1
indecent!,1
"foreigner,",1
glad,1
Absolutely!,1
virtues.,1
"moral,",1
Joseph),1
(curtseying,1
turban),1
wasn't,1
showy,1
Hurt,1
"ferment,",1
"Calmly,",1
entschlossen.,1
bist,1
du,1
Doch,1
coldly,1
SOPHIE.,1
JOSEFA,1
"daughters,",1
formidable,1
middle-aged,1
"overdressed,",1
grouped,1
Break,1
"aria,",1
Turkish.,1
"benefit,",1
lust.,1
"Understand,",1
fallen.,1
Death!,1
By!,1
fairground.,1
fireworks,1
whizzing,1
"arpeggios,",1
scales,1
ghastly,1
Ten,1
songbird,1
greedy,1
Showing,1
midst,1
clavier,1
Watching,1
defiance.,1
prostitute,1
reputation,1
enhance,1
different.,1
Turkish?,1
harem.,1
dear?,1
"set,",1
involved,1
travels,1
News,1
gossip.,1
year!,1
everything's,1
hairdresser,1
Turk.,1
Perhaps.,1
disappointed.,1
singer's,1
addressing,1
cry,1
(Cavalieri),1
on:,1
"turbaned,",1
merely,1
Aller,1
"together,",1
accompaniment,1
earnest.,1
firmly.,1
interests,1
(airily),1
Katherina.,1
instrumentalists.,1
thirteen,1
guiding,1
Hospital.,1
Doctor.,1
live.,1
cassock.,1
frock-coat;,1
smocks.,1
mentally.,1
disturbed,1
visibly,1
"walk,",1
hospital.,1
"VOGLER,",1
self-important.,1
"concerned,",1
white-washed,1
"wide,",1
available,1
nineteenth,1
arrives,1
century.,1
confession.,1
equal,1
difference.,1
soul,1
Gravely.,1
sinned?,1
sin.,1
So?,1
someone.,1
invest,1
"garb,",1
bandaged,1
quietly,1
"wheel-chair,",1
"enters,",1
Hospital,1
grimly.,1
"361),",1
"attendants,",1
"returns,",1
1820's.,1
portion,1
executing,1
dancers,1
progress.,1
Ball,1
"little,",1
slows,1
"servants,",1
"guests,",1
"couples,",1
Twenty-five,1
BALLROOM,1
bleeding,1
stretcher,1
placed,1
attendants.,1
horse-drawn,1
"half-conscious,",1
"blankets,",1
wrapped,1
conveyance,1
galloping,1
WAGON,1
STREETS,1
FOUR,1
MONTAGE:,1
still-falling,1
driver,1
patient.,1
GULDEN.,1
middle-,1
supervision,1
Unburden,1
studied,1
propels,1
CARDINALS,1
POPE,1
"MOZART,",1
six-year-old,1
VATICAN,1
Rome!,1
emperors.,1
kings,1
games,1
childish,1
sunshine,1
running,1
Bluff,1
Blindman's,1
fourteen-year-old,1
square.,1
suite,1
churchmen.,1
wheelchair,1
"LEOPOLD,",1
monkey?,1
wished,1
anonymous,1
speaks.,1
applaud.,1
decorously,1
cardinals,1
Papal,1
blindfold,1
lowers,1
finishes.,1
prodigy,1
tales,1
jealous,1
smirking,1
adults,1
"LOMBARDY,",1
SQUARE,1
TOWN,1
Ah,1
didn't.,1
charming!,1
"nods,",1
Slyly,1
forty,1
mine?,1
recall,1
familiar.,1
keys),1
"twenty-four,",1
popular,1
surprised,1
melody.,1
unrecognizable,1
(,1
eagerly),1
seemingly,1
innocence.,1
town,1
tiniest,1
Legnago,1
famous.,1
fourteen,1
idol!,1
whispering),1
"sake,",1
(almost,1
murdered.,1
Cruelly,1
Father!,1
"murdered,",1
peace!,1
bind,1
"Master,",1
lift,1
"drivers,",1
people:,1
scrambling,1
"dish,",1
Listen!,1
opened.,1
Signore,1
special.,1
man!,1
guilty,1
mercy,1
mercy!,1
volume.,1
locked.,1
handle.,1
"legs,",1
cabs,1
"adults,",1
"sharp-featured,",1
"doormen,",1
facade,1
glancing,1
parties.,1
"necks,",1
dress:,1
fancy,1
revelers,1
tightly,1
cloaks,1
"foot,",1
whirling,1
falling,1
windy,1
dogs.,1
sled,1
scuttles,1
cat,1
decay.,1
walls,1
eighteenth,1
"Flickeringly,",1
screen.,1
illuminates,1
English,1
mixture,1
uses,1
SALIERI.,1
distinct,1
darkness.,1
Total,1
Draft,1
Final,1
Shaffer,1
Peter,1
century,1
flight,1
stone,1
shawls,1
peeling,1
shadows,1
climb.,1
wheeze,1
clogs,1
night-dresses,1
middle-aged;,1
staircase,1
thin,1
worried:,1
"COOK,",1
VALET.,1
branched,1
stair,1
sky:,1
white-haired,1
struggle,1
lock,1
shatters.,1
Cook's,1
"horror,",1
flowing.,1
blood,1
trickle,1
There'll,1
groaning.,1
throaty,1
"terrible,",1
Open!,1
"enough,",1
thump,1
Mmmm!,1
missing!,1
"twice,",1
gives.,1
seventy,1
"Immediately,",1
chamber-pot,1
"piano,",1
forte-,1
"Barely,",1
alive.,1
razor,1
"blood,",1
pool,1
Minor),1
G,1
Little,1
25,1
Symphony,1
frenzied,1
"stormy,",1
"Signore,",1
"ate,",1
delicious,1
Mmmm,1
Look,1
stopped,1
passersby,1
window!,1
forgave,1
window),1
(looking,1
perdonami!,1
cake.,1
hobbles,1
guilty!,1
did!,1
longer!,1
gown.,1
stained,1
contempt.,1
shutting,1
bang.,1
LANDING,1
noisily.,1
head:,1
"scared,",1
open?,1
panting.,1
"arrives,",1
staring.,1
"glass,",1
"'crazy,'",1
indicating,1
"unhappy,",1
Poor,1
BYSTANDER,1
confusion.,1
circus,1
freak?,1
meant,1
self-,1
attention.,1
bangs,1
lit.,1
instruments;,1
exotic-looking,1
"places,",1
seated.,1
mostly,1
characterize,1
"giggle,",1
high-pitched,1
pounces,1
Watched,1
cat.,1
naughty,1
"COLLOREDO,",1
surmounted,1
lip.,1
scarlet,1
comment.,1
murmur,1
puzzlement,1
rooms,1
doors,1
he?,1
"Instead,",1
happens.,1
signal,1
also.,1
sits.,1
throne,1
stands.,1
ARCO.,1
skullcap.,1
hissing,1
meowing,1
fours,1
mouse.,1
feast,1
anticipation,1
salivating,1
"disappears,",1
withdraws,1
paradise!,1
confectionery.,1
loaded,1
cloths,1
"tables,",1
POV:,1
aloft.,1
"delights,",1
riveted,1
past.,1
attracted,1
particular,1
chocolate,1
fine,1
tiny,1
squeaks,1
"Baffled,",1
disappeared.,1
puzzled;,1
insignia,1
"twenty-six,",1
shape,1
"stops,",1
tables.,1
hides,1
pastry,1
"balls,",1
pineapple.,1
tightens,1
Arco),1
assorted,1
amazement,1
disheveled,1
started,1
started!,1
"Instruments,",1
Wind,1
"Shocked,",1
ah!,1
Tish-I'm-tee.,1
tee.,1
Tish-I'm,1
spoils,1
softer.,1
You.,1
ui,1
vol,1
rumpled,1
hastens,1
"tablecloth,",1
Salon,1
dissolves.,1
trance,1
eavesdropping.,1
inadvertent,1
shocked,1
"embarrassed,",1
smoothly,1
yields,1
band,1
dais,1
dignity,1
Guests,1
wind-musicians.,1
tentatively,1
adjusting,1
i-tub,1
Tub,1
Ui-vol-i-tub!,1
fiend,1
Fartsbishop!,1
Fartsbishop,1
Residence,1
Listen,1
see!,1
tickles,1
leg.,1
screams.,1
ankle.,1
Pounce-bounce!,1
Paws-claws.,1
fangs-wangs.,1
"Puss-wuss,",1
talks.,1
Under,1
laughs,1
"delightedly,",1
imaginary,1
backwards!,1
Iram,1
arse!,1
my!,1
Sick,1
Sra-I'm-sick.,1
(working,1
shit-wit.,1
complain,1
sick!,1
Sra-I'm,1
Sra-I'm-sick!,1
ha.,1
pitched,1
funny?,1
stalks,1
face?,1
NORTH,1
Amen,1
chastity,1
wrote!,1
die,1
immortal!,1
"world,",1
myself!,1
glory,1
celebrate,1
composer!,1
"Lord,",1
of.,1
prayer,1
proudest,1
secretly,1
"commerce,",1
"industry,",1
amen!,1
receives,1
crescendo.,1
aunts,1
maiden,1
round.,1
portions,1
serving,1
Mother,1
chin.,1
tucked,1
Camera,1
plate.,1
china,1
thick,1
cooked,1
benignly.,1
flare.,1
earnestly,1
Whilst,1
congregation.,1
sounded,1
"fields,",1
sunlit,1
Lombardy:,1
landscape,1
church,1
17th-century,1
organ,1
boys,1
choir,1
sung,1
Mater,1
Stabat,1
Pergolesi's,1
Baroque,1
Serene,1
"dusty,",1
"road,",1
poplar,1
self-approving,1
spray,1
image.,1
Candles,1
altar.,1
austere,1
indifferent,1
"looking,",1
AT,1
heavy-,1
rapture.,1
"congregation,",1
placid,1
twelve-year-old,1
LEGNAGO,1
"attendance,",1
gasp,1
show?,1
livery,1
"horns,",1
"bassoons,",1
elaborate-looking,1
instruments:,1
18th-century,1
"players,",1
Gypsy,1
RESIDENCE,1
SALZBURG'S,1
came.,1
happiest.,1
successful,1
committees,1
endless,1
"free,",1
employer's,1
laying,1
choke,1
SALZBURG.,1
twelve.,1
full-scale,1
seven;,1
symphony,1
four;,1
"linen,",1
clean,1
turned-cut,1
carefully,1
"neat,",1
"thirty-one,",1
"employer,",1
residence,1
rows,1
"talking,",1
"students,",1
model,1
honoured,1
vow?,1
studying,1
sixteen,1
town.,1
obscure,1
frustrated,1
obvious.,1
all;,1
quick,1
Off,1
Study,1
collapses.,1
vain.,1
pummeling,1
women,1
bone.,1
"Gluck,",1
loved,1
knew.,1
enough.,1
accepted,1
sight-reading.,1
correcting,1
duets,1
"Austria,",1
Night,1
adored,1
"ready,",1
Actually,1
incredible?,1
Wasn't,1
Within,1
king!,1
Emperor!,1
right;,1
agitated.,1
heard?,1
teacher.,1
controlling,1
(barely,1
"miracle,",1
swallows,1
Dudi.,1
"Clever,",1
reward?,1
who's,1
guess,1
affection.,1
silent,1
jar,1
scurries,1
biscuit.,1
"quick,",1
himself),1
instruct,1
fingers),1
"Fraulein,",1
Horses,1
ribbons.,1
hats,1
vendors,1
"pastries,",1
sellers,1
"hawkers,",1
carriers,1
"porters,",1
"beaming,",1
strutting,1
BUSY,1
puzzled,1
Sir!,1
Madame!,1
"Quick,",1
snapping,1
fool!,1
Finale,1
resumes,1
disturb,1
Dudelsachs!,1
beagle.,1
"Startled,",1
loudly.,1
keys.,1
preludes,1
"bench,",1
slides,1
parents.,1
encourage,1
"first,",1
Michael!,1
play!,1
Presto,1
450.,1
Dudelsachs.,1
STOP!,1
"Very,",1
dog!,1
broadly.,1
silent.,1
on!,1
"instant,",1
instant!,1
"Dudelsachs,",1
"noise,",1
going.,1
Rondo,1
"Amazed,",1
"Play,",1
habit.,1
dog.,1
clatter,1
expressed,1
bubbling,1
"could,",1
cleaning,1
easy,1
pig.,1
creature.,1
darling?,1
ill,1
"Stanzi,",1
startled.,1
mother.,1
Mama.,1
goose,1
stuffs,1
feeds,1
Feed?,1
bags,1
maid?,1
"to,",1
Andrai,1
situation?,1
perfunctory,1
gown,1
"dangerous,",1
secrets,1
pay.,1
Composition,1
composition.,1
many?,1
Pupils?,1
have?,1
lie!,1
malicious,1
debt.,1
marvelous!,1
"Really,",1
fetches,1
feed,1
thin.,1
welcome!,1
PAPA!,1
figure's,1
stairs,1
mystery,1
sinister,1
possession.,1
unfolds,1
silhouette,1
cape,1
"stairs,",1
"sees,",1
grim,1
"Suddenly,",1
"mood,",1
Still,1
"cramped,",1
low-ceilinged,1
tidied,1
food.,1
welcome?,1
health.,1
"lined,",1
repair.,1
travel-stained,1
"aging,",1
abandoned,1
ages.,1
books,1
reversed,1
"viola,",1
"mandolin,",1
bottles;,1
everywhere.,1
bellows:,1
unmoving.,1
Strudel,1
Mascarpone.,1
Crema,1
rum.,1
suffused,1
sugar,1
granulated,1
mixed,1
cheese,1
Cream,1
delicious!,1
Mozart;,1
"Come,",1
bit,1
exciting!,1
bomb,1
explode,1
al,1
patriotic,1
prosperous,1
feelings,1
dandified,1
racket.,1
dashing,1
jumping,1
"five,",1
howling.,1
Hysterical,1
SCHLUMBERG'S,1
gentleman,1
"However,",1
"debtor,",1
on?,1
Fifty?,1
florins,1
"thousand,",1
terms.,1
Anything.,1
double.,1
richest,1
inclined,1
poverty?,1
manage.,1
absently,1
spoon.,1
dessert,1
chuckles,1
implausible,1
Princess!,1
choice.,1
awful,1
Sommer,1
explain,1
can't!,1
lose,1
"cook,",1
footman.,1
possible?,1
Papa's,1
"months,",1
loan?,1
manage,1
chance,1
"Seriously,",1
padlock,1
silly.,1
"concerts,",1
free.,1
lend,1
fiend!,1
problem,1
seat.,1
stupendously,1
"occasion,",1
SCHLUMBERG.,1
willful!,1
bench.,1
settle,1
Dudelsachs,1
Especially,1
quiet!,1
"Mandi,",1
"Zeman,",1
behave.,1
dogs),1
(To,1
"sofa,",1
narrow,1
formally,1
seat,1
"dismay,",1
Prestissimo!,1
encouragingly,1
"Reluctantly,",1
"Bluff,",1
something.,1
Strudel's,1
Nonsense.,1
wretched,1
response,1
Play,1
courage.,1
outgrew,1
teacher?,1
year.,1
Fraulein?,1
suppose.,1
whole.,1
Strudel.,1
weren't,1
parents),1
Klaus!,1
hands),1
Wine?,1
"wine,",1
comfortable,1
Ha-ha!,1
teach?,1
willful.,1
"harmless,",1
perfectly,1
impossible.,1
"attention,",1
Pay,1
damn,1
greeting,1
"animals,",1
leaping,1
"coarse-looking,",1
friendly,1
middle-class,1
appears:,1
recommended,1
curled.,1
chocolate?,1
"coffee,",1
first?,1
refreshment,1
Gertrude,1
"Strudel,",1
primped,1
Upstairs.,1
"dress,",1
doorway:,1
"Michael,",1
"stinks,",1
girl's,1
ages!,1
tidy,1
pregnant.,1
beautiful?,1
"else,",1
cadences.,1
adding,1
challengingly,1
excruciating,1
rock,1
essence,1
repeated.,1
endlessly,1
unimaginative,1
offensively,1
heavily,1
relying,1
"imaginable,",1
"danced,",1
concentration,1
clowning,1
clutching,1
Laugh.,1
breeches.,1
mark,1
hang.,1
crucifix,1
party,1
emitting,1
repetition,1
laugh!,1
"Laugh,",1
Mock,1
humiliation.,1
recollection,1
howl,1
alarm,1
hush,1
momentary,1
mock,1
furrows,1
parody.,1
"Giggling,",1
"treble,",1
"part,",1
task.,1
difficult,1
absurdly,1
execute,1
proceeds,1
loves.,1
challenge,1
sort,1
extra,1
Renewed,1
Bach.,1
Sebastian,1
Amused,1
added,1
difficulty,1
improvises,1
clapping.,1
SMASH,1
Handel!,1
Frederic,1
Haydn!,1
another!,1
Another!,1
sulking.,1
Attracted,1
bystanders.,1
"cautiously,",1
nearer,1
players,1
"feat,",1
astonishing,1
"laughing,",1
Rub,1
performed,1
"Sorry,",1
Good!,1
start?,1
Explosively,1
pigsty,1
housekeeper!,1
day?,1
expect?,1
does.,1
burden.,1
staying,1
"worry,",1
leaving!,1
"criticize,",1
"afford,",1
fortune,1
filthy!,1
spoke!,1
nose,1
provincial,1
table:,1
cue,1
languidly,1
"Relieved,",1
harmonies.,1
serene,1
listener,1
"resumes,",1
ten!,1
(O.S.),1
blot,1
Dancing,1
Parties,1
Vienna?,1
smart,1
outside?,1
who?,1
letting,1
Lorl.,1
yours,1
services,1
maidservant.,1
peeps,1
Framed,1
damn!,1
door),1
(outside,1
"Presently,",1
creation.,1
jots,1
drifts,1
dreamily,1
closing,1
wait!,1
anon,1
anonymous.,1
admirer?,1
admirers,1
sent,1
Whoever,1
of!,1
unheard,1
reference.,1
gifts,1
knows,1
idea?,1
unless,1
"generous,",1
"offer,",1
answer.,1
joke?,1
Mine?,1
easy.,1
penalties,1
prettier,1
bobbing,1
steer,1
dancers.,1
persists.,1
volume,1
Couples,1
Ball.,1
whirl,1
PARTY,1
LARGE,1
STRAIGHT,1
upward,1
Its,1
grey.,1
tricorne,1
assistants,1
roasted.,1
headed,1
rocky,1
Bacchus:,1
DOOR,1
NEXT,1
domino,1
corner,1
disappear,1
avoid,1
"corner,",1
threads,1
pulling,1
Harlequin,1
Columbine,1
men.,1
trio,1
vine,1
Greek,1
"merriment,",1
Amidst,1
velvet,1
forehead;,1
Tea!,1
boring?,1
"parties,",1
Papa,1
feast.,1
tea?,1
Tea?,1
Didn't,1
letters?,1
mention,1
months!,1
ask?,1
"When,",1
expecting.,1
dreadful.,1
tired.,1
That'll,1
"kissable,",1
prominent,1
kinds.,1
masquerades.,1
buy,1
shopping.,1
trumpet.,1
drum.,1
baritone,1
"missable,",1
extroverted,1
Seraglio:,1
alternate,1
following.,1
(K.539),1
visible,1
designed,1
"grotto,",1
rule,1
Seeing,1
circle;,1
angrily,1
feminine,1
"mask,",1
waist,1
mask:,1
"Delightedly,",1
firmly,1
succeeds,1
BYSTANDERS,1
"Laughingly,",1
malice,1
echoes,1
really!,1
sparse,1
"partner,",1
partner,1
Schikaneder:,1
entreatingly,1
say!,1
penalty?,1
son's,1
Out.,1
Man,1
Odd,1
chairs;,1
chair;,1
"happens,",1
favours,1
"bizarre,",1
"effect,",1
uncovered,1
spoil,1
arm.,1
underneath.,1
showing,1
outraged,1
"attached,",1
pushing,1
bumping,1
bystanders;,1
circle,1
gentlemen;,1
actresses;,1
Leopold;,1
nine,1
seen),1
begun.,1
"Forfeits,",1
"Bacchus,",1
Bacchus,1
Vivat,1
cross-fades,1
sole,1
possession,1
amusement,1
reaching,1
protests,1
Despite,1
laughingly,1
side-curls.,1
affair,1
hold,1
jump,1
"around,",1
delighted,1
penalty,1
pretend,1
"feet,",1
balances,1
over-,1
no:,1
Sommer.,1
marriage!,1
naturally,1
contest.,1
Favouritism.,1
favouritism.,1
suspicion,1
satisfies.,1
"idea,",1
imperceptibly.,1
"falls,",1
view?,1
instructor.,1
suitable,1
advise,1
"breath,",1
Out,1
Highness.,1
"Committee,",1
select,1
"stop,",1
according,1
Tonic,1
terrifies,1
"Naturally,",1
Rosenberg,1
Kapellmeister,1
suit,1
modesty,1
post?,1
appoint,1
contrary.,1
sixteen-year-old,1
stiffly,1
Princess.,1
releases,1
wishes.,1
Princess',1
potatoes.,1
choose?,1
bushes,1
tending,1
glimpsed,1
gardeners,1
"waiting,",1
GARDENS,1
crumples,1
"Papas,",1
happy.,1
wealthy,1
"wonderful,",1
productive,1
habits,1
regular,1
Musicians.,1
City,1
shrubs,1
grassy,1
sack,1
ride.,1
"sixteen,",1
Hapsburg,1
dumpy,1
elegantly;,1
groom.,1
panting,1
Running,1
side-saddle.,1
glossy,1
mounted,1
ELIZABETH.,1
PRINCESS,1
horseback:,1
cantering,1
ride,1
Resurrection!,1
angrily),1
morbid.,1
practical.,1
works,1
lazy,1
earn.,1
spends,1
desperate.,1
job.,1
safe.,1
leisure,1
While,1
"trouble,",1
warmest.,1
"busy,",1
terribly,1
himself?,1
appointment.,1
just!,1
"fingers,",1
modulation,1
indebted!,1
born,1
signet-ring.,1
carefully.,1
surprising.,1
sugar.,1
brandied,1
chestnuts,1
Roman,1
Venus.,1
Nipples,1
Venere.,1
Cappezzoli,1
chestnuts.,1
glazed,1
refreshment.,1
considered,1
bringing,1
band.,1
hus,1
borrowing,1
life!,1
flocking.,1
upset.,1
untidy.,1
not!,1
straight:,1
won't!,1
Must,1
colleagues.,1
stuff,1
simple.,1
idiots,1
Ohime!,1
faint.,1
"mother,",1
borrowed,1
mother?,1
urgent.,1
unveils.,1
"Shyly,",1
stuffed,1
"veiled,",1
closely,1
pupil),1
insists,1
"live,",1
Ben.,1
Caro,1
"student,",1
stupidity!,1
sheer,1
beg?,1
precious,1
happiness,1
truest,1
humility?,1
"offense,",1
expecting,1
tested?,1
possible,1
rebuke,1
married!,1
directions,1
indulging,1
gift,1
deserve,1
order,1
natural,1
denying,1
to?,1
incomprehensible.,1
painful?,1
thoughts.,1
Hardly.,1
Every,1
"protection,",1
courtier.,1
subservient,1
once-handsome,1
"desperate,",1
throne.,1
impassively,1
"Colloredo,",1
Cross,1
AUDIENCE,1
sake,1
Send,1
desperation,1
pray!,1
Sometimes,1
priest.,1
passionately,1
1820'S,1
darling,1
congratulations.,1
sincere,1
mirror,1
relieved.,1
floor?,1
unexpectedly.,1
Meaning,1
clever.,1
Extremely,1
sublime.,1
honestly.,1
compose,1
damn.,1
pleases.,1
Nothing!,1
then?,1
agree?,1
fuck?,1
"surprises,",1
Creature,1
doubt.,1
focus,1
"rage,",1
"collapses,",1
"extraordinary,",1
control.,1
What??,1
breaking,1
Wolfgang?,1
Mama,1
department.,1
virtuoso,1
assume,1
understanding.,1
worst,1
dissuade,1
castle,1
approvingly.,1
kiss.,1
kyrie,1
pronounce,1
husband?,1
lawful,1
WALDSTADTEN.,1
BARONESS,1
clothes:,1
merry,1
Sophie,1
Josefa,1
coming.,1
await,1
"bid,",1
LEOPOLD'S,1
Wolfgang.,1
mistake,1
"trunks,",1
done.,1
picture,1
Nannerl,1
concluding,1
"walls,",1
portraits,1
cage.,1
wicker,1
starling,1
life:,1
prodigy's,1
mementos,1
roves,1
journey,1
half-packed,1
danger.,1
gullible,1
meet.,1
marriage,1
indulgent,1
fault,1
truth.,1
brat.,1
conceited,1
"spoiled,",1
"unprincipled,",1
sold,1
friendship.,1
loyalty,1
surprised.,1
trap,1
simple,1
marriage.,1
slut,1
promise!,1
implore,1
faithfully.,1
BAROQUE,1
impressive.,1
"anxious,",1
whining,1
longer,1
"image,",1
letter.,1
character,1
disobeyed,1
associated,1
theme,1
Giovanni:,1
try.,1
chance.,1
anything.,1
"town,",1
chestnut.,1
again?,1
"unjust,",1
ability,1
reward,1
infantile,1
smutty,1
"lustful,",1
"boastful,",1
virtue;,1
you;,1
experience.,1
reliving,1
I!,1
"enemies,",1
"shut,",1
shatters,1
candelabrum,1
Incarnation;,1
"unfair,",1
"fleshy,",1
"unkind,",1
girls),1
everywhere,1
(who,1
"SCHIKANEDER,",1
stumbles,1
disintegrates.,1
lessons?,1
burning.,1
"cross,",1
fireplace.,1
Incarnation.,1
ruin,1
able.,1
hinder,1
block,1
"Wildly,",1
at?,1
goggling,1
slamming,1
"sound,",1
weighty,1
"chord,",1
massive,1
pour,1
floor;,1
"inquiringly,",1
really.,1
"don't,",1
anymore?,1
spends.,1
"lovely,",1
Presents,1
Brussels.,1
lace.,1
"undress,",1
horrified,1
active,1
appalled,1
"quickly,",1
wrists,1
seizes,1
rotten,1
nakedness.,1
cover,1
earlier,1
"presence,",1
"frantically,",1
prepares,1
flickers,1
pounds,1
baffling,1
hurting,1
"large,",1
thirty-five.,1
George,1
these.,1
truly,1
help.,1
specimens,1
requested,1
"belligerently,",1
mounts,1
insisted,1
alarmed.,1
plainly,1
staircase.,1
lesson.,1
"Twice,",1
"Molested,",1
well!,1
er,1
appreciate,1
pressures,1
Stanzi-Manzi!,1
pressures.,1
Whom,1
late.,1
"help,",1
Filled?,1
filled.,1
palace.,1
wanted?,1
submitting,1
can't.,1
"Today,",1
Yesterday,1
painful,1
"yesterday,",1
flattered.,1
father!,1
trusted,1
musician.,1
"butler,",1
dismisses,1
fierce,1
clings,1
weeping.,1
red,1
dreadful;,1
puss-wuss,1
mouse?,1
How's,1
(playfully),1
turned,1
dishgrashful!,1
tipsy),1
unsteadily,1
Stanzi-Manzi-Banzi-Wanzi!,1
(imitating,1
"embrace,",1
eat?,1
starving.,1
agonizing.,1
alarming.,1
curious,1
routine,1
inquiries,1
"finally,",1
decision.,1
Believe,1
anybody.,1
memorandum,1
milk,1
butler,1
eating.,1
throwing,1
Sssh.,1
wood.,1
candlesticks,1
"tempting,",1
recover,1
miraculous.,1
good?,1
perplexed.,1
"shaking,",1
reverberating,1
"off,",1
slams,1
wave,1
Minor.,1
circles,1
"cascade,",1
scattering,1
"read,",1
coalesce.,1
beauty,1
"So,",1
"Overjoyed,",1
"hard-working,",1
clumsily.,1
"stunned,",1
roam.,1
silver,1
price.,1
"vague,",1
don't.,1
woman!,1
But!,1
seeks.,1
another:,1
obvious?,1
return.,1
deserves,1
Alone.,1
Tonight?,1
experiences,1
sea;,1
tumbling,1
rough,1
clear,1
diminishment.,1
Page,1
corrections,1
showed,1
drafts,1
belief.,1
Astounding!,1
copies.,1
originals?,1
Originals?,1
originals.,1
missing.,1
frantic,1
"impossible,",1
cage,1
meticulous,1
ink-,1
chewing,1
shudders,1
face:,1
agonized,1
dropping,1
"sugar,",1
"chestnuts,",1
happily,1
"absolute,",1
oblivious,1
ravishing,1
passages,1
collage,1
beauty.,1
inimitable,1
chastity.,1
chaste,1
subsequently,1
tight.,1
Nervously,1
below.,1
mantelpiece.,1
ticks,1
clock,1
"hall,",1
leading,1
lap.,1
veiled,1
upright,1
through:,1
leaves.,1
appears.,1
impassively.,1
"Long,",1
veil,1
affecting,1
composer?,1
relaxed,1
candelabra,1
Venetian,1
pair,1
extinguishes,1
"talks,",1
earlier?,1
Were,1
candlesticks.,1
go?,1
behaved,1
afternoon.,1
apologize,1
enjoy,1
ease.,1
warm,1
imploro.,1
Te,1
"position,",1
"favour,",1
"body,",1
"desire,",1
implant,1
Him,1
mute.,1
longing,1
merciful.,1
bread,1
penitence.,1
salt,1
ways,1
(crying,1
furnace,1
moment:,1
realized,1
talent?,1
Speak,1
Him!,1
answers!,1
breath,1
Fill,1
knowing,1
torture.,1
"Mercy,",1
(intimately,1
stale,1
Answer,1
(impatiently),1
should.,1
treasure,1
mysteries.,1
unravel,1
claim,1
END,1
